word,frequency
Something,2
similar,3
happened,63
to,3758
me,973
since,390
June,17
and,2131
up,211
till,130
now,487
my,3496
money,974
hasn,2
Hi,44
,4891
I,5709
validated,1
migrated,2
AC,5
from,778
tier,1
premier,1
saving,14
yesterday,264
at,418
IbadanI,1
received,87
the,3110
mes,3
Unable,3
access,154
mobile,471
app,588
need,401
help,243
please,563
o,111
I'm,252
stranded,16
this,774
weekend,13
don't,410
have,1061
an,516
atm,128
trying,138
get,518
into,157
account,1685
but,870
it's,165
not,875
working,135
Please,401
explain,22
what's,78
happening,77
here,93
ooooooooo,1
Dont,10
let,34
us,95
be,492
unfortunate,23
refund,170
you,1489
will,430
credit,148
with,1011
airtime,282
as,240
requested,36
on,1097
know,248
why,286
card,656
keeps,31
telling,36
wanted,35
deposit,49
online,170
cant,67
th,163
of,1344
July,54
My,234
acct,119
no,409
The,192
last,194
lady,4
that,799
picked,8
chineye,1
ignored,5
was,1298
angry,8
she,41
just,421
left,48
line,118
they,370
dont,98
pick,16
call,63
called,57
customer,177
care,55
refuse,15
am,425
urgently,21
same,126
want,276
ask,38
if,201
its,159
a,2160
crime,7
use,285
pos,24
decline,8
debited,843
Herbert,6
Wigwe,6
MD,6
Access,92
Bank,169
PLC,2
your,900
internet,76
banking,243
is,1807
so,259
frustrating,28
went,72
for,1695
password,39
reset,20
staffs,8
are,559
being,91
unfair,12
can,458
u,294
block,35
has,415
been,761
stolen,16
did,232
transaction,539
N,247
st,47
August,44
beneficiary,31
wasn't,86
k,253
one,280
ATMs,28
Lokoja,1
branch,225
office,23
It's,132
over,189
hrs,96
FCA,2
annoying,47
bank,1114
defrauded,6
colleague,1
through,158
payday,11
loan,44
scheme,2
He,7
good,80
day,139
transfer,483
yet,324
other,129
hasn't,65
bein,2
where,64
our,67
Is,107
suppose,6
wrongfully,5
too,121
W,5
Fast,2
forward,13
afternoon,26
Remember,3
i,698
used,171
ATM,472
make,206
withdrawal,88
twice,177
inste,2
current,18
order,13
insolent,1
disrespectful,2
in,909
asokoro,1
beside,2
first,240
Yesterday,7
quickly,5
by,176
way,74
should,139
made,347
transact,16
update,26
complaint,68
Things,1
like,184
dislike,1
currently,11
GMD,2
Plc,4
Let,2
r,37
Lol,29
worked,12
him,14
years,50
Of,10
Aug,12
total,12
about,223
POS,55
without,174
crediting,14
d,169
benefi,5
FG,4
launch,2
shared,2
facilities,2
MSMEs,2
Nigeria,152
soon,29
via,190
Dear,120
Idi,3
Araba,1
four,14
stands,2
out,171
time,204
I've,189
there,146
withdra,1
tried,262
recharging,49
applications,2
acco,12
what,309
wrong,127
network,69
how,359
do,508
fix,43
pls,206
still,257
waiting,41
issue,191
resolved,45
Am,51
timeline,6
What,149
going,120
Fix,5
days,159
hope,26
alone,10
Good,100
morning,158
facility,6
system,36
kept,10
eligi,1
visa,21
past,60
months,131
date,40
it,1130
ready,19
charged,173
RRR,3
favour,1
AAUA,1
POST,1
UTME,1
IyanaIpaja,1
machine,62
only,135
p,15
holder,13
DEX,4
f,27
doesn't,59
even,205
send,92
alerts,75
anymore,40
They,165
deduct,69
silently,1
officers,3
coming,27
back,132
NYSC,7
permanent,3
camp,6
Obubra,1
Cross,1
River,1
State,12
code,135
within,22
declined,16
because,123
issues,117
refunded,49
careless,4
their,167
subscribers,2
could,47
b,61
complaining,16
tink,2
goin,3
gtbank,35
wil,3
best,44
bcos,8
understand,80
link,25
two,83
accounts,49
level,7
Fraud,13
mentally,1
appallingIf,1
go,194
banks,179
USE,1
lot,15
ca,9
world,14
wife,15
her,55
counted,2
'terms,1
conditions,5
reactivate,10
Its,80
long,91
can't,225
debit,264
PayPal,11
Neteller,1
Saying,2
completed,6
check,49
reverse,77
tired,58
Tuesday,29
reversedtruly,1
does,87
any,190
Still,14
those,29
ma,14
collectibles,1
bringbackourpapernotes,1
Enough,3
these,82
shity,1
waterproof,1
Zero,1
durability,1
tire,15
If,86
another,108
diss,2
Una,2
wan,9
dey,90
form,32
boss,4
How,155
trans,3
Afraid,1
catch,2
agree,2
weeks,75
filled,11
dispense,89
error,137
branchAccount,1
Subtle,1
reminder,7
unbelievable,2
couldn't,33
wish,14
happy,7
birthday,7
when,293
had,132
value,23
activate,53
transactions,141
MTN,41
vtu,16
Last,22
night,61
Transaction,19
unsuccessful,28
hav,14
guys,292
didn't,227
reflect,32
Team,7
CStell,1
Wins,1
hour,37
ReCode,1
Hackathon,1
Lagos,45
Hiplease,1
i'm,6
having,86
bankingi,1
credited,166
phone,305
using,279
top,29
copies,1
archives,1
didnt,58
come,76
open,132
keep,92
getting,106
statement,17
recharge,195
told,115
egbami,2
seen,39
all,256
sum,28
These,19
ones,17
spent,8
much,87
older,3
than,117
Sorry,17
dear,16
that's,34
most,56
themTheir,1
customers,88
service,150
horrendous,1
hi,51
recharged,74
USSD,81
got,248
text,25
Ive,36
This,223
ago,104
ussd,51
after,196
some,112
seconds,7
previous,3
generation,2
failed,185
we,125
reason,55
fail,9
behind,11
civil,3
workers,9
cannot,25
pay,70
children's,1
school,25
fees,25
or,246
hospital,5
bills,15
think,99
happen,21
Government,2
private,7
sector,6
needs,28
work,83
together,4
address,11
corruption,5
carried,4
recipient,17
once,42
Service,7
charges,242
charge,277
logging,12
Since,44
haven't,92
sent,221
NAOMI,1
EYEYE,1
fair,16
today,164
master,20
blocked,40
also,61
init,1
lodge,11
Already,5
causing,7
sleepless,1
receipient,2
Without,9
Why,193
always,93
problems,10
end,35
month,204
stroke,1
sta,5
learnt,2
ordered,4
due,30
pending,25
advance,5
So,124
friend,28
sending,38
y'all,12
deducted,140
expires,6
apply,16
new,98
done,95
automatically,5
reliable,2
deal,6
guess,31
forgot,22
directly,5
responsible,4
three,25
instant,23
firstbank,30
reflected,17
mins,21
meant,15
Dey,4
mine,21
buh,5
took,36
almost,57
withdrawing,36
Diamond,56
re,25
Naira,34
says,35
cost,27
acc,36
Hello,84
started,24
relationship,7
becoming,24
enjoying,3
close,78
someone,96
Sango,2
What's,45
many,46
gotv,14
payment,119
few,35
minutes,72
BRAIN,6
written,6
man's,1
hair,2
RUG,7
corner,3
rug,23
floor,2
obtain,5
whereas,6
salary,34
unresponsive,4
Will,6
take,120
forever,18
process,17
one's,4
quit,3
real,10
yo,10
Data,4
confirm,22
Nk,13
Tim,1
Card,45
maintenance,126
evening,45
masirI,1
transferred,91
withou,5
lost,63
Master,3
year,43
NNPC,2
Towers,1
Abuj,1
Mine,13
respond,73
mentions,1
na,45
thief,10
dem,21
Having,3
It,157
given,31
After,34
registration,10
mo,12
complained,35
particular,8
fund,66
Unified,2
Payment,6
receiving,39
asap,20
seeing,11
different,24
figures,2
every,92
SMS,153
place,17
nowadays,1
And,84
either,25
mtn,29
sim,14
which,113
affliated,1
Oliver,1
mark,1
Chibuike,1
n,77
oyeyiga,1
oladipupojust,1
Gtbank,26
later,22
gotten,53
per,37
annum,1
reply,71
lodged,17
Yet,7
nothing,58
writing,5
closed,13
services,47
rendered,3
sort,19
hallIt's,1
quite,10
urgent,69
thanks,33
AccessBank,4
glo,10
number,243
bu,11
become,12
useless,61
'Admin,1
fees',1
'WH,1
Credit,5
Interest,2
',5
removing,7
s,32
Can't,19
remember,21
more,121
'cost,1
Debit,14
Card'Just,1
noticed,15
morningIs,1
must,41
visit,18
before,83
shortest,1
possible,28
resolve,51
Visa,10
transacti,2
assistance,7
worse,25
Not,36
Message,2
Damn,4
doing,43
You,150
were,45
busy,10
debiting,27
w,47
Used,1
Asokoro,3
cash,107
wasnt,14
dispensed,11
Noticed,1
'Card,1
Cost',1
then,66
correspon,1
Window,21
Rug,19
Brain,20
Lamp,23
big,19
Can,73
problem,97
daily,14
limit,31
promised,14
embarras,1
fully,2
liquidated,1
naira,174
Any,18
regards,9
unlocking,1
already,74
indicated,1
while,85
filling,9
campbut,1
rate,17
US,9
suspended,3
Im,56
brother,5
Come,4
people,183
moving,9
mad,20
lately,6
Now,19
alert,256
Bug,1
balance,58
whenever,17
dail,1
Mobile,82
App,91
accout,3
opening,45
seems,17
gonna,8
isn't,34
paid,79
off,24
severally,16
initiated,15
retrieve,12
charging,51
interest,2
savings,50
heard,18
stingy,2
contemplating,1
Got,15
Refund,6
NOW,4
Everybody,2
broke,12
stop,100
testing,3
peoples,7
patience,4
poor,56
debitting,1
them,151
paying,29
norm,1
blame,8
banki,2
you're,23
struggling,3
award,2
incomplete,4
giving,27
SPS,1
Error,10
really,118
try,56
create,3
security,18
reaching,1
step,4
comfirm,1
ages,9
transfers,56
transfered,21
Saturday,29
see,90
thousand,19
zenith,34
third,18
When,41
Been,18
l,16
platform,41
down,34
There,20
reversal,78
short,23
whi,5
right,39
front,7
Makurdi,1
although,2
Imagine,11
wait,34
business,50
avnt,3
anything,47
such,18
second,32
hello,95
dm,39
URGENT,4
un,4
solicited,1
Abeg,13
never,96
opened,62
costumer,1
Maryland,1
properly,8
numer,1
connect,3
devastating,2
bring,14
notice,18
several,30
means,15
pains,6
thi,6
Wher,1
didTry,1
DM,112
Bu,3
sms,126
itNah,1
anytime,12
Internet,18
mails,7
num,10
Me,13
c,34
dis,29
CAMP,1
LAGOS,1
But,102
linked,14
BVN,24
Iyana,4
ipaja,3
notifications,12
activities,1
No,112
mail,29
To,28
remain,5
free,12
indeed,4
Hey,11
tell,50
BvN,1
old,23
expired,19
missing,21
tie,3
color,3
transacted,1
dat,25
very,83
Financing,2
Agriculture,2
Value,2
Chain,2
cc,6
perilous,1
sad,34
thing,66
supposedly,2
frontline,2
allowing,6
Gday,5
bnk,1
dad,4
tranferd,1
ur,94
bck,4
den,1
April,12
Ishaga,2
areaYES,2
agentI,2
Amennn,1
Your,53
akungba,1
akoko,1
burn,1
saying,68
servi,2
End,3
report,21
showing,24
times,80
rejected,4
Machine,2
would,99
seize,3
forget,11
requesting,5
reversed,64
person,33
alerted,4
rejection,1
tw,2
clearly,5
evidence,2
showed,10
unsucces,1
Receipt,1
locations,2
location,9
LAMP,6
WINDOW,5
swear,17
thought,30
spending,7
caused,7
trouble,5
legal,4
actions,1
against,12
suffered,4
enough,28
sterling,12
worst,77
takes,26
ever,64
load,33
omo,1
everytime,8
Which,10
im,9
LampBrianRug,1
Wind,5
fed,7
dstv,13
cable,11
ac,29
buy,59
PMS,1
lovely,1
tweet,35
die,16
withdraw,94
kill,10
his,33
mtswwww,1
find,54
attached,15
screen,14
ph,11
brain,25
lamp,24
nd,28
window,31
bvn,17
procedure,16
probably,1
ripping,4
har,1
First,62
sef,8
shit,14
MLM,1
group,5
name,77
FFAN,1
claiming,8
conjunction,2
uba,14
increasing,1
nowi,1
fee,82
supposed,27
nairawhat,1
subscription,50
Where,15
better,41
certain,13
responses,7
Gotv,15
activated,8
chosen,2
frustrate,8
life,23
FIRST,2
holding,14
unreasonably,1
Friday,40
SECOND,1
renewed,4
early,13
cardless,7
isnt,11
illegal,15
Preying,1
applicants,1
desperate,2
unable,65
Postal,1
stamp,9
duty,13
Admin,5
JulyThat's,1
dats,1
Ramadan,1
next,27
Agege,1
bread,3
again,106
e,20
louvre,1
revert,27
nahhh,1
waited,5
Rain,1
transferring,13
funds,65
message,111
thenMy,1
test,3
centre,3
Port,5
Harcourt,5
A,62
whooping,3
shouting,3
Try,11
knw,10
sey,4
ban,13
LampWindowBraidRugThanks,1
stopping,2
hours,118
havent,30
surely,2
drag,1
se,7
lose,3
cos,43
inability,7
REVERSE,1
S,9
Worst,6
lies,4
emails,10
Only,21
Eba,4
users,3
especially,17
earners,8
Reply,2
Mummy,1
said,90
swap,1
phones,6
nationwide,2
sell,2
phon,2
mami,1
shouldnt,3
disrespected,1
egbon,1
appalling,2
treats,1
regardless,1
presence,1
society,3
compl,5
LampRug,1
sub,14
SSD,1
serious,8
headache,4
receive,130
LampRugBrain,1
WIND,2
accces,1
operate,17
Saturdays,1
Pls,148
yes,9
Thursday,21
bra,1
reasons,7
unknown,4
Do,22
maximum,16
amount,76
anyone,13
speak,7
abt,12
accountI,4
everything,14
accessbank,5
wit,25
twitted,1
plead,1
give,46
show,14
Accessbank,1
respect,5
papa,2
mama,1
Monday,25
mat,3
saw,21
OwlLampBrain,1
beg,16
flood,1
light,11
mission,1
road,12
dangerous,2
bought,61
airtel,9
cr,9
found,14
less,20
minsWindowBrainRugLamp,1
All,64
five,9
percent,1
DAT,3
Ruglampwindow,1
win,7
starts,1
withdrawals,17
policy,7
fuck,11
bit,7
Cos,6
correct,11
Pl,3
treasury,2
percentage,3
Terms,3
Conditions,1
Money,25
won't,72
leave,27
talk,16
destination,2
Make,5
sussesful,1
recently,14
entered,7
CORRECT,1
pin,46
Over,20
experienced,8
hand,6
poverty,12
provided,13
Had,7
Wedne,1
carry,12
response,121
youbecause,1
branchall,1
avail,6
consumer,1
protection,1
council,1
likes,3
sho,3
microfinance,2
alre,1
hr,4
Transfer,13
successful,50
dedu,2
appreciate,8
contacted,17
asked,34
nearest,18
fo,9
deserve,3
kind,17
humiliation,1
experience,28
complain,56
double,9
deduction,20
yield,1
loaned,1
MasterCard,21
atleast,3
own,33
ok,4
until,26
nysc,4
fave,1
Ha,8
true,11
didn,7
info,8
regarding,5
obligedDM,1
concern,4
abandoned,4
Moving,2
remedy,1
Customer,6
well,27
continues,2
tho,10
compared,1
seem,15
latest,3
trend,2
battling,3
begging,6
complaints,22
wana,1
say,59
ha,6
wen,11
Mtn,6
vex,8
slow,12
completing,2
sin,5
deductions,21
doesnt,15
pleas,2
Nigeriassecond,1
coworking,1
conferenceheld,1
IMAX,1
Filmhouse,1
Lekki,3
Organised,1
Venus,1
Hub,2
detailed,1
specific,3
period,9
ourselves,1
company,12
Goodday,2
advised,2
contact,33
Stanbic,6
employee,1
graduates,1
trainees,1
Esut,1
universities,2
polytechnic,1
making,46
couple,7
tries,1
prompts,1
verify,3
tru,5
change,66
associated,1
RockSpace,2
Abeokuta,8
OgunState,4
edition,5
CoWorking,4
Confere,2
LIVE,2
Conference,4
whom,1
that'll,1
hasten,1
return,44
transactionAlmost,1
thre,2
We,31
live,14
created,1
Ju,3
upset,3
patronize,1
Have,20
job,10
explanation,20
verve,3
forI,1
answers,4
Sterling,4
posted,3
Omo,2
frustrated,8
facing,8
sa,4
ain't,10
responding,21
treat,9
Stating,1
princi,1
hmmmm,1
HeheWho,1
Tho,2
trlling,1
elligible,1
Biko,8
mone,10
earth,8
shouldn't,4
able,59
view,4
purchased,15
data,56
rd,32
Okro,1
soup,1
okene,1
fraud,80
Helloooooooooo,1
trow,1
fit,4
bef,1
held,7
illegally,5
delete,4
saved,4
huge,3
expenses,1
adsMorale,1
Choose,1
available,18
Yeye,1
de,14
Look,2
baby,3
mouth,4
demarket,1
sadly,5
ventures,2
largely,2
related,3
who'll,2
chunk,2
earnings,3
R,3
Nigerians,23
pen,3
Mtchewwww,2
Just,42
awesome,1
Reversed,1
removed,12
else,13
accuse,1
stealing,19
erroron,1
cry,7
victimized,1
country,18
claim,14
forced,8
unjustly,2
came,19
though,25
late,16
Lost,4
Hard,2
Token,7
approach,4
remains,2
serving,3
agai,1
elders,1
spoke,9
feel,21
sorry,12
accept,6
DATA,1
plan,12
Abu,2
Dhabi,1
nowpls,1
msg,15
blocking,3
ongoing,1
ave,2
court,9
directed,3
stolenMisplaced,1
Need,4
ASAP,24
plus,24
dues,3
tonight,4
September,27
pl,2
iv,1
Months,4
maintaining,15
meaning,17
debt,7
bad,64
BAD,3
Revert,2
Boys,1
hasnt,17
reverted,11
B,9
regular,1
updates,2
accounteg,2
balanceb,1
Currently,1
accessing,2
details,29
terms,1
Eco,1
Account,50
receiver,14
y,34
national,6
reg,3
decoderI,1
decoder,2
apologize,3
looking,11
Tema,1
I'll,24
Within,1
complaintAnd,1
speaking,2
Most,9
regulations,1
governing,1
body,6
Stamp,2
Duty,1
Maintenance,19
char,6
lucky,6
coz,9
improvement,1
stellar,2
elec,2
whatever,9
action,4
Nonsense,2
Name,4
Omoregie,1
osaro,1
PeterI,1
hail,1
Edostate,1
compulsory,7
reversing,5
head,12
m,48
store,3
besides,1
definite,1
playstore,1
refused,47
subscribed,8
DStv,3
earlier,31
wont,25
point,19
instantly,6
inform,9
attempted,16
situa,3
monthly,52
admin,7
Oh,11
unresolved,5
Clock,2
tickingMen,2
arrivedKeep,2
SundayRTIt,2
start,51
erroneous,5
WhatsApp,8
Banking,37
breaks,3
boundaries,1
email,57
As,23
wks,2
payments,12
debite,7
erecharge,1
hanging,8
between,18
Wema,11
accountsI,1
twitter,9
terminals,1
ReformjaBanks,45
Na,20
waka,5
wey,16
Meanwhile,7
Gateway,1
digital,8
solutions,3
African,1
businesses,1
calling,17
reported,10
week,120
Av,7
hoping,4
bankP,1
collect,15
seized,3
assurance,1
usual,13
disappointed,20
taking,39
Has,5
works,18
dialing,4
Messages,2
act,21
small,26
necessary,5
steps,3
relate,5
insecurity,1
incessant,3
debits,14
Hhmmm,1
sti,4
Are,17
aware,2
unit,4
workshop,1
Dangote,1
cement,1
Ibese,1
Ogun,1
state,19
yewa,1
north,2
local,7
government,7
That,37
conduct,2
mean,34
I'd,15
login,39
sometimes,18
rip,3
Don,3
opting,5
P,4
topping,3
information,6
fact,22
high,15
defrauding,2
unnecessary,16
tim,2
downloaded,14
wake,7
apple,2
SMSALERT,1
friday,7
reducted,1
opted,9
stil,2
following,14
Ill,11
Legit,1
studied,4
statements,7
ehn,4
eyes,3
tear,2
bn,15
mai,5
Open,8
stress,16
atms,1
Talking,1
MO,2
constantly,5
blatantly,2
wi,13
bet,7
fraudulent,32
games,3
playing,2
hard,22
O,5
boy,4
kuku,6
exist,4
ooo,21
Payoneer,2
Zenith,46
USD,4
Ch,2
something,53
counting,9
muc,2
visiting,4
except,1
cheque,14
Erecharge,1
YeaI,1
result,6
We',1
Aside,2
buying,27
notification,26
tran,3
Go,11
Really,11
Even,31
assign,3
Attached,2
screenshot,2
scammed,4
purchasing,4
moblie,1
togot,1
theyou,1
deliberately,8
request,53
repeatedly,2
t,85
Prompt,1
relationsStop,1
Eg,2
indiscri,1
deuctions,1
Absolute,1
fra,5
disablement,2
pocketAllow,2
whats,22
Too,17
sends,3
That's,26
creating,2
exception,2
alertu,1
bot,1
somn,1
fb,1
who,34
Thunder,4
Hawk,1
aside,6
messages,27
opt,15
ecobank,5
debi,4
outstanding,1
facilitate,2
purchase,33
immediate,1
subscribe,6
references,1
ended,7
generating,2
receipt,8
glad,3
equivalent,2
fucked,3
Deducted,1
For,37
About,3
around,49
justigicationav,1
bin,6
Very,14
sudden,3
longer,31
nowI,1
perform,5
looks,5
sept,7
Help,19
attended,12
Surulere,6
principal,1
liquidation,1
Saw,1
GTB,103
TRANSFER,1
advert,9
fast,14
activity,4
theyre,7
police,6
servic,5
ghost,1
credible,1
viral,1
news,2
tradeform,1
sme,2
grantloan,1
recovered,3
Abacha,1
loot,1
plight,2
threadW,2
Sept,12
FCMB,31
Lmao,6
joinhave,1
eight,2
Diamondbank,2
pmI,2
successf,2
Thats,10
stopped,24
si,3
ahamadiya,1
stuffy,1
Kilosele,1
target,6
bankin,2
Calling,3
spendi,1
shou,3
cats,1
beared,1
bearing,3
loss,1
sweet,1
Carry,1
goYou,1
secondary,1
wear,1
OB,1
Same,31
unlock,3
device,21
OTP,22
look,32
Charges,10
Sometimes,3
performed,5
experiencing,12
apart,3
thieves,23
Their,12
upgraded,3
appnow,1
sign,12
inI,1
fingerprint,4
nonsense,7
Who,13
oooi,1
difficulty,4
browsing,1
responded,11
Birdman,1
whatsapp,13
wher,5
GM,2
fideli,2
Mushin,1
cashiers,4
rude,6
disgusting,3
Yes,11
usually,11
shows,8
run,15
investigation,4
su,4
transactionsBut,2
muzzled,2
bird,1
Sliver,2
hawk,3
Next,4
Answering,1
invite,4
Rubbish,2
solution,8
Plus,3
immediately,20
gone,20
Recharging,2
funny,10
part,23
cruelty,2
acts,2
hate,18
stuck,10
abrakadelta,1
pm,52
sha,16
love,8
befo,4
flight,2
transa,2
running,10
betja,37
ret,1
regrettably,1
common,5
knowledge,1
delays,3
embarrassing,5
delayed,6
portal,6
Yh,2
hap,1
loannw,1
posSo,1
wh,4
Kaduna,2
rectify,17
discrepancy,1
birth,2
arrangement,1
failing,3
purposely,3
bill,27
dai,1
sliver,1
G,6
force,9
hawker,1
attend,31
conference,11
constrained,1
nowPlease,1
basi,1
rollback,1
cartoon,1
joking,2
mawini,1
creditedwat,1
suld,1
seriously,8
considering,6
dumping,1
tedious,1
dispute,6
resolution,16
inefficiency,1
major,9
inconvenience,3
shld,2
choose,4
somewhere,7
helpful,2
far,17
cut,5
informed,7
acquire,1
loans,4
offered,3
federal,1
restricted,11
documentation,1
rea,1
issueBank,1
problemsBut,1
yea,2
whole,16
ass,4
networkWhen,2
scrupulous,2
moday,1
canot,1
reachedToday,1
banked,4
withJust,1
exp,1
Deducting,3
thread,5
Tag,2
theyll,4
Theyve,4
fixing,4
shortfalls,1
Find,3
truth,2
expense,2
walk,5
tomorrow,18
faulty,7
Apple,9
functional,3
Telling,2
eligible,4
staff,18
givin,1
thru,21
gave,20
noon,1
TSDFCM,1
deducting,32
Gtb,19
todayI,2
refun,1
WA,1
century,4
keffi,1
Made,10
dayMade,1
decamping,1
goal,1
eligiblewhy,1
write,3
express,8
displeasure,2
bankAccess,1
eli,1
answer,22
inactive,1
nothi,2
deactivate,24
simple,10
things,20
requirements,17
fuel,2
Ti,1
oh,27
WTF,4
BRB,1
Morning,9
locate,3
lekki,3
CBC,1
they're,13
OMG,2
Recharged,3
misbe,1
REAL,1
asking,25
otp,10
inserted,1
itI,2
Someone,14
neither,14
nor,10
Power,2
worsen,2
situation,11
's,9
directive,5
Until,1
Surprisedly,1
they',2
Replaced,1
nerve,1
plswhat's,1
On,25
funded,6
ja,3
unlike,2
Keeps,4
complaintsrequest,1
treated,5
tomor,1
University,11
Birmingham,8
international,9
wire,4
Sent,5
ref,5
Our,14
home,12
kindly,10
release,7
sister's,4
eyyys,1
actually,29
victi,1
trace,4
stanbicibt,1
official,5
reach,16
alawee,2
Cc,16
allegations,4
FRAUD,5
documents,3
needed,16
sick,12
culprits,2
comes,15
pushing,3
bar,2
ground,1
registering,4
whata,1
replying,4
saturday,4
com,3
operating,8
National,7
Orthopedic,2
Hospital,3
Igbobi,2
Thei,2
accessible,6
cgat,1
june,2
marina,1
brance,1
monday,3
reverser,1
thumbs,1
client,5
robbed,4
daylight,12
robber,2
ensure,3
HRH,1
SLS,1
notify,5
applied,10
Frid,1
filed,3
H,5
gross,4
FUGAZ,1
BN,6
Eh,2
February,16
bankI,2
Ghana,4
remove,25
totally,12
unprofessional,5
sinceand,1
milking,1
Interested,1
domiciliary,6
inv,2
Another,13
perpetrated,1
dare,2
Does,12
Greatest,1
Scam,12
stoo,1
scam,50
replaced,3
In,28
mind,7
mainten,2
recover,4
Poland,1
mon,6
understanding,2
finally,16
disable,11
makes,9
crazily,1
monies,9
negati,1
Took,3
wahala,8
Ojuelegba,1
hated,2
Spent,3
pmpm,1
virtually,1
justification,1
raised,7
Weldon,1
dried,1
consistent,5
NGN,5
errors,5
occur,2
ownmybadexperiencewithaccessmobile,1
Whatsapp,4
feeling,3
pepperstone,1
forex,1
br,1
scared,6
registered,28
agent,12
awaiting,3
bears,1
replacement,8
destroyed,3
Ilorin,2
ridiculous,8
amounts,2
randomly,2
stole,12
custody,3
shock,3
copy,6
oyinbo,1
file,5
pa,7
cause,22
mispla,1
register,38
transactionthank,1
thats,7
collecting,1
wWhat,1
allawee,2
processing,11
deduc,2
hash,1
tag,3
irregular,1
bat,1
wha,3
NDEDIGWE,1
NKWACHI,1
flashed,1
decided,16
log,38
authenti,1
user,14
exists,1
cards,21
pocket,5
Deductions,1
stated,5
rep,9
Honestly,6
suddenly,7
ch,5
madePls,1
oooo,10
receiver's,1
hear,19
destroy,2
replace,1
repl,2
refu,1
TL,1
handles,9
fraudulently,1
rece,3
dormant,2
par,1
immediatelydon't,1
bother,5
biko,5
damage,3
planned,1
Happened,2
quick,13
question,11
bear,2
witness,1
Attention,1
everyone,4
theree,1
tryin,2
osogbo,3
sister,9
may,12
remita,7
justice,3
tweetWhy,2
Cj,2
sit,1
SCAMMERS,2
confused,2
Yall,5
Don't,37
fall,8
scams,4
inside,12
hall,10
MorningI,1
guidelines,1
set,10
Moblie,1
Tamara,1
advocacy,2
frauds,3
Endbankfraud,3
Aguda,4
x,4
Banks,29
annually,1
maintenanc,3
negative,6
bal,7
overdraft,2
growing,3
Tha,1
explanations,2
required,7
gtb,34
both,38
codes,12
Some,17
turn,6
watch,3
chopped,1
SAVINGS,3
One,19
morni,5
yearHow,1
pie,1
chartkudos,1
energy,3
elbow,1
put,32
Halls,1
persuaded,1
Whether,2
meI,6
thiscreative,1
successfully,5
g,13
guilty,7
Withdrew,1
leaving,17
addressing,1
itThanks,1
Penal,1
Charge,8
sleeping,6
emotional,1
damages,4
gained,1
vowed,1
application,16
Till,7
paym,1
November,3
NoToBankScam,1
usage,5
Doctor,2
scatter,1
table,4
Break,1
Smash,1
Disguise,1
amDisfigure,1
pmkindly,1
cathedral,1
Akure,2
swallowed,3
upstairs,1
attending,5
Every,14
gu,4
matter,6
don,32
weak,4
Heading,1
particulark,1
moment,14
trapped,3
Yep,1
youll,2
PayDay,1
VAT,13
Apart,6
Thought,2
who's,3
bothered,3
kobo,8
wanna,11
believe,24
bruh,2
Sigh,3
Typical,1
involved,2
robbery,28
customersCc,1
Nigerian,50
Stopped,1
pray,9
connection,6
honestly,5
guy,12
culpable,1
anyth,1
checking,3
tranxs,1
fails,3
retract,1
wonde,2
ADMIN,2
FEE,1
POSTA,1
withdrew,8
NO,6
outrageous,13
Hw,6
Payday,2
minimized,1
ruined,1
yesterdays,1
corp,3
members,3
Fee,3
GensChargeIt's,1
saddening,1
diaspora,6
Africa,14
guysYou're,1
stupid,11
FEES,1
heartbreaking,1
WE,1
unite,1
pe,2
disappeared,9
alart,8
began,1
expperience,1
fr,11
Ali,1
Mus,1
diamond,74
Purchased,1
mobileI,1
dial,8
enjoy,2
Epp,2
gb,2
bundle,1
navy,1
town,4
barracks,1
satellite,1
ojo,1
GT,50
domiciled,4
soo,2
hungry,3
Thur,1
Becos,1
exceptional,1
DNACustomers,1
Priority,1
HELPThank,1
android,1
apk,2
profile,5
allowed,9
plz,10
average,2
PO,2
bodija,1
ibadan,2
diff,5
Mobil,3
locked,16
MY,21
deliver,10
teach,1
employees,3
taken,15
pushed,3
yesterdayRegards,1
nonchalant,3
attitude,5
towards,5
yest,2
dollar,17
happe,3
helloMy,1
husband,3
collection,3
nt,11
priority,1
cu,2
supports,2
busin,1
refilling,1
holds,2
Nm,2
notes,9
Esusu,1
scenario,2
boar,1
ALL,1
dispenses,4
highest,5
denomination,1
Could,6
iny,1
ques,1
Contact,3
Centre,1
ringing,1
solve,9
forwarding,1
satisfied,1
fro,7
exactly,32
retracted,3
Business,5
man,21
move,14
Requirements,1
INVALID,2
ACCOUNT,10
extra,9
There's,2
apparently,3
api,2
gateway,4
website,11
tug,2
war,6
expect,7
sleep,3
replythe,1
wallet,7
reinstalled,3
ID,25
he,40
wants,10
drop,11
nw,2
changed,17
Ok,4
toll,3
Wtf,1
finished,6
regretted,2
putting,7
potty,1
usd,1
Direct,2
backbut,1
recognize,1
id,9
remained,4
quiet,5
despite,10
innocent,5
Thanks,7
officer,22
nobody,8
former,4
Than,1
regis,5
screenshots,2
immediatel,1
eSUSU,3
commercial,2
car,13
full,16
type,14
loading,15
dissatisfied,2
op,4
assist,17
Bros,9
consistently,2
h,19
Tired,1
tying,1
misplaced,13
worry,11
existing,2
typ,1
save,9
retirement,1
provisions,1
advice,4
corporate,16
TIN,2
require,2
effect,9
SME,9
follow,6
devbankofnigeria,1
followed,5
malfunction,3
et,1
al,15
ff,2
None,25
electricity,6
iRecharge,2
MOBILE,4
APP,4
bt,12
TOKEN,2
pta,1
Customers,4
themselves,2
KYC,1
Erm,2
incorrect,3
Password,1
opportuned,1
wwnt,1
resp,1
askin,1
regret,21
shame,7
ATM's,2
Katsina,1
calm,3
recalled,1
ti,4
Victim,3
Want,6
SIM,4
referred,3
unfortunately,6
benef,2
dealt,3
size,2
Due,3
sensitivity,1
magnanimity,1
recall,3
uzor,1
Darlington,1
provide,13
below,8
plss,2
half,2
demand,2
fucking,15
nee,2
rolling,1
timeout,3
finding,14
difficult,24
Yeah,10
Big,2
securities,2
sure,21
hardly,8
weekends,5
youYoull,1
reverseEspecially,1
repayment,2
channel,5
escalate,1
million,12
Buhari,2
economy,4
enquiry,4
ending,2
reques,2
upI,1
Was,8
accountsBanks,1
wat,7
Aliexpress,2
forgotten,11
username,6
connecting,2
Taxify,1
trash,8
rather,6
DYA,2
accoun,14
shopping,1
uptill,2
Dm,10
scamming,7
PM,2
av,14
nau,3
resigned,1
Sureu,2
Point,2
DBL,2
oya,2
apologise,2
including,7
realize,3
audacity,1
lie,18
reconfirmed,1
partner,5
Never,9
patronage,2
granted,3
stalk,1
harass,1
Guys,12
Mhen,1
Tried,10
countless,5
Called,8
Wasn't,2
notified,5
fixed,22
Amadi,4
success,6
discovered,9
scammers,9
abroad,5
Sister,2
lame,4
She,13
wade,1
However,2
isn,2
Real,3
platf,1
confirmed,6
Unit,5
Treasuryinternational,2
OpsAnd,2
messed,5
Sue,1
Then,8
compensation,2
Eyah,2
haff,3
almighty,1
formula,1
Hahahahatesting,1
testingtesting,1
insensitive,3
People,8
ooowho,1
companies,2
reconcile,3
Today,11
joke,3
Union,3
dnt,7
Wia,1
OTPs,1
hold,12
anymorei,1
i've,1
Smh,8
Seems,10
teemah,1
IBAN,5
enable,13
complete,11
aren't,7
backKindly,1
wrote,5
letter,10
laptop,2
uninstall,5
Yellow,2
Xiaomi,1
Mi,1
Max,1
Global,2
version,2
Airtel,4
daimond,3
coudnt,1
thr,3
defending,2
Jayeoba,1
PeterAccount,1
Numb,1
Thank,11
communicate,3
host,1
initiating,6
little,11
Code,7
Commasie,2
house,9
Abuja,9
Abegi,2
deceiving,2
fruitless,1
there's,7
FUNDED,2
DAY,2
AGO,2
TILL,2
NOTHING,2
IN,5
ACCOUNTCC,2
bank's,12
term,3
watsup,1
Negligence,1
illicit,1
Online,22
HV,3
possi,1
yours,6
account's,1
battery,1
low,2
TGIF,1
utterly,3
dissapointed,5
lingered,4
resoluti,1
Iwo,2
Road,4
Ibadan,16
fone,4
jus,5
fonedowloaded,1
kindl,1
Beta,2
returning,4
invalid,12
True,5
nightmares,1
case,13
hv,12
skills,4
Ur,6
Alaagomeji,1
Plz,5
merrybet,1
openwhy,1
Easy,2
AlertAcc,1
AmtDesc,1
MTHLY,3
DR,4
TURNOVER,3
DIAMONDXTRA,1
TimeJul,1
Avail,1
Bal,2
mgt,1
room,2
improvementother,1
standardized,1
maybe,8
whoever,1
thievesthey,1
Mtcheww,1
island,2
Inshort,1
mention,5
chnage,1
lives,3
heaven,1
near,1
Drivethru,7
Erhiawarie,1
Akpofure,1
Ambrose,1
increased,2
Did,14
Apparently,2
DBA,7
CHARGE,5
above,23
credits,3
thw,1
seven,1
fear,8
queue,13
More,6
Id,5
D,8
Working,2
signed,6
crazy,6
dialed,3
Brother,2
Abroad,1
chargesThey,1
messes,1
Izzy,1
U,18
children,3
increase,9
Fat,4
Efosa,2
defend,3
mistakenly,20
returned,8
accidentally,1
doubt,7
wa,17
Youll,1
af,4
public,17
Fake,3
practices,2
MarketUpdate,1
DIAMONDBNK,1
dropping,3
Int,1
Licence,1
withresult,1
orientation,3
zero,8
requireme,1
calls,12
damned,2
robots,1
programmed,3
exact,4
results,3
everthe,1
freaking,4
faints,2
bee,4
Suffers,1
HalfYear,1
Profit,1
Slump,1
ii,1
dollars,3
usi,2
Samaru,2
Zariahere,1
Asap,5
deb,5
reports,1
Nbn,2
earningin,1
six,4
News,3
withdrawin,2
sacked,3
crying,7
street,1
disturbed,1
download,7
ap,5
HOR,1
summon,1
sack,1
Manage,1
MyDreamville,5
CoolTeens,5
GrabYourShare,1
Wetin,2
personal,13
auto,3
mortgage,1
thank,17
eco,5
friendly,3
manufacturing,1
DiamondXtra,1
Would,4
conducted,1
Benin,2
ngn,3
Apapa,1
Under,1
Dozie,1
Bad,6
Loans,1
Hit,1
Backup,1
setting,3
pho,1
passwords,1
finger,2
print,3
iOS,2
Android,2
iPhone,5
Fingerprint,1
Login,2
integrated,1
Ayo,1
normal,5
M,4
someone's,5
Ogba,2
jux,1
korokoro,1
jokers,1
ow,2
encourage,1
banker's,2
guide,1
Weekend,1
slip,3
Helooo,1
acctgot,1
youve,4
formed,1
habit,5
industry,2
downloading,3
excess,6
accountThese,1
unnoticed,1
X,1
Nigeriansfraud,1
spend,6
gets,10
ge,2
SCAM,4
ALERT,8
retransfer,1
option,19
Savingsextra,1
dress,1
displays,1
Marina,1
vry,2
terrible,14
Few,1
stay,8
multiple,11
gem,1
terminal,2
hvnt,1
depense,1
yeswhat,1
substantial,1
bonus,3
Nope,6
intrabank,7
Isnt,2
expensive,1
Considering,1
Losing,1
morninghelp,4
usmy,4
employment,6
bankwhere,4
CV,4
plsit's,4
important,7
Recipient,1
orders,1
fine,7
ahead,5
International,3
dom,6
China,1
direct,27
debitted,2
canceled,2
dep,2
easy,8
HOW,1
cn,1
uptil,3
PlsTell,1
notices,2
daughter's,1
story,6
customer's,2
deactivated,10
ESUSU,1
Terrible,4
diligence,1
dsnt,1
explan,1
appwent,1
hrstil,1
ABONAH,1
FESTUS,1
Yea,5
options,7
ist,1
disgusted,1
utter,1
lack,2
intelligence,2
empathy,1
knowhow,1
Y,11
They've,2
moved,8
Buying,1
runmeforeign,1
skizzygang,1
corrupt,5
Traffic,1
respected,1
died,1
bro,12
Godour,1
screwed,1
Fresh,3
Onions,3
affordable,4
price,8
quantityOrder,3
BBY,3
Agro,3
whatspp,3
emailing,2
stand,9
chance,9
matn,1
welcome,2
mtcheeeeeew,1
sounds,2
pSo,1
Again,2
invoice,2
Lagosabeokuta,1
expressway,1
masses,1
suffering,2
constructionif,1
won,8
comp,5
lossit's,1
screame,1
Official,1
Court,4
Order,2
screaming,1
reformbank,1
reformcourtsPleas,1
kilode,2
Nah,3
digits,6
property,1
land,1
pity,5
Hes,1
Lemme,1
dog,1
saddened,3
Dbn,1
HIDA,4
VTU,7
accounted,1
course,4
lend,2
SMEs,9
busines,2
matters,3
pull,2
DID,3
NOT,11
select,1
optio,1
Hmmm,1
scratch,2
overzeal,1
Sues,1
CapitalRepatriation,1
Tax,1
elechi,3
Ezekiel,3
Acct,29
nights,1
team,9
premiers,1
VISA,2
Signature,1
submit,1
utility,2
student,12
reopen,3
ComplaintDB,1
reviewedFunds,1
tooooooooo,1
support,5
calculate,2
rubbish,7
condition,3
attainable,1
GTbank,9
bucks,4
concerned,3
USELESS,2
entities,3
morningPlease,1
transit,1
Registration,3
Contrary,1
speculation,1
might,16
soften,1
sanctions,1
imposed,2
helped,3
occasions,4
Vehicle,1
lik,7
spark,1
outrage,1
onl,3
Feb,1
twenty,3
Forget,3
losing,9
weight,1
wheneve,1
convincing,1
God,28
switch,5
connec,2
DM's,2
Abi,11
renew,11
cone,1
pickup,2
book,6
appmy,2
charles,1
empty,8
reached,8
concerning,14
Ie,1
pro,2
wise,1
Sms,6
Atm,16
hida,1
Or,6
arent,1
valuable,1
description,1
thot,1
example,1
K,6
binitially,1
pathetic,8
cried,2
saga,2
Poor,5
Except,2
wetin,2
han,1
Tell,3
Kind,3
Ridiculous,1
hw,5
mandatory,1
aler,4
Save,1
Plan,4
execute,5
merely,2
don',3
rejecting,5
natio,2
FBN,21
billed,4
external,1
internal,3
gallery,2
imbox,1
intra,2
EKEDC,1
each,28
token,43
mastered,1
aitimebwhen,3
Theirs,1
festac,2
unnecessarily,5
bed,3
DEBIT,5
TAXIFY,1
appeal,6
Funnygtbank,2
Commercial,3
updated,6
Staff,8
fake,5
note,8
people's,8
Owerri,3
secretariat,1
fond,1
carryout,2
firs,2
hidden,5
trf,3
torture,2
Gt,15
gt,23
Bro,7
hits,3
hurts,2
tra,9
bankbut,2
monile,1
Contacted,1
trnasfer,2
confirmation,6
upto,3
girl,1
across,9
counter,8
Awo,1
tryna,3
unfriendly,1
leading,3
ntn,1
Fees,4
At,11
Finally,5
opens,4
surulere,4
Way,3
hoursQuite,1
neighbor,1
nextdoor,1
rest,6
GTBank,29
appwork,1
intranet,1
smart,3
Chisos,2
reading,3
planetwith,1
Serious,3
folorunsho,1
mode,3
Perhaps,4
you've,7
instead,18
Cr,2
Dr,3
Alert,11
THEY,3
OH,2
Liveeee,2
refusing,2
deducts,5
overnight,4
cre,4
pass,15
retire,3
age,5
stipulated,3
law,3
heshe,3
facts,2
least,12
accou,11
BUT,4
alerttransactions,2
wonder,14
everywhere,4
fir,4
tr,6
dime,4
idea,2
planning,4
procedures,2
That'll,2
canting,1
owner,7
diamonds,1
bk,1
becaus,1
annoys,1
july,4
incompetent,8
signature,3
corrected,2
camera,1
machines,18
CommissionVAT,2
electronic,4
Also,9
hell,7
Implementing,1
Central,2
Nigerias,1
DCRRR,1
upgrade,19
administrative,1
injustice,2
promotion,1
FULLY,1
urge,2
single,13
Sam,2
Mbakwe,2
airport,2
FAAN,2
BANKS,2
neede,1
transferi,1
settle,3
Helloi,2
recievedwasnt,2
Pleas,3
We're,1
doomed,1
NEVER,4
ledge,2
disheartened,1
manner,3
treating,2
effort,5
Enter,2
smelling,1
dead,4
rat,1
tbh,2
rated,1
higher,2
member,3
theft,5
caus,1
laid,4
BI,1
hellbent,1
siphoning,1
moneySeveral,1
lef,1
callers,1
slowbank,1
finiger,3
alakijaI,1
presently,3
lock,2
kmoney,1
atmI,1
pleasant,1
claims,7
personally,4
mac,2
excessive,8
etc,3
talking,13
space,5
disappears,3
denied,5
partnering,1
gives,5
loopholes,1
ad,3
YET,1
ded,5
maintanace,1
killing,7
ohPlease,1
admit,3
straight,4
dump,2
incinerate,1
asaba,1
grand,2
hotel,3
momen,1
diamondback,1
VERY,2
billing,7
educate,2
nigerians,1
mothly,1
ni,8
Great,1
renews,1
ins,1
UBA,47
socio,1
medium,1
shocked,4
mess,11
una,17
fa,4
Kilode,4
harsh,1
sorted,6
asapIt's,1
dispensing,8
abandon,8
Oga,2
heavy,4
denominati,1
closing,10
special,2
financing,1
Savings,4
clause,1
belo,1
xbet,2
bankhow,1
emergency,13
surgery,1
Chose,1
swiftly,1
accusation,1
clear,6
away,14
thisThank,1
todayLearnt,1
mechanism,1
concerns,1
patrol,1
chat,9
ADA,1
'cos,1
reasonable,9
Group,2
talks,2
authorities,2
sanction,3
bites,2
lPls,1
reflecting,4
person's,1
Betja,4
Ada,3
smh,9
mattress,1
balan,1
increasingly,2
known,8
disburse,1
yr,2
reissue,1
Keep,2
arme,1
sense,5
reducing,1
biggest,8
Less,2
Apply,1
intentionally,4
joor,2
girlfriend,1
lite,2
abeg,12
youre,5
likely,3
turnover,2
names,6
Contd,1
toi,1
itthen,1
claimed,5
esus,1
ICYMI,1
train,1
dramas,1
passworded,1
reportedly,1
cleared,2
afraid,3
include,4
easiest,2
nameThey,1
ex,1
argued,1
adhered,1
extant,1
laws,2
identity,1
FeesHow,1
walletThis,1
fraudsters,8
unchecked,1
minimum,9
forms,5
branches,33
Badagry,4
Anytime,2
minus,1
ot,3
econom,1
Seized,1
IS,12
THIS,2
acti,1
cheques,1
immediatelysmhso,1
yeah,3
wentand,1
reminded,1
Naija,3
Doornepa,1
lightI,1
notso,1
unimaginative,1
innovatio,1
collected,5
theirs,2
ned,2
Difficult,1
helping,4
mumsy,1
Amaka,1
disappoint,5
chatada,1
unhappy,2
Student,6
While,2
profiletoo,1
doestoo,1
Cooperate,4
FRAUDSTERSReformjaBanks,2
Meaning,1
frauded,1
detect,2
ontime,1
agreement,1
exempting,1
erroneously,6
fulfille,1
meet,6
supervisors,1
authorised,2
accumulates,1
SMSthere,1
expecting,9
Wha,2
Private,2
frame,2
it'll,1
acctD,1
anyhow,10
among,10
complicit,1
btw,1
channels,6
Erratum,1
gang,1
Iu,1
mbanking,1
amon,1
Acc,5
vanished,2
subIs,1
Happy,1
New,2
Month,4
Wanted,2
render,1
center,7
missed,5
DSTV,12
depos,1
topup,7
paypal,5
exceeded,6
Everytime,2
tel,2
Bear,1
beat,1
ho,1
reopened,1
visited,11
futo,1
owerri,3
yester,5
Personal,1
esusu,5
rent,3
withheld,3
taki,1
Ogunbadeniyi,1
Bamidele,1
victim,8
Cash,6
actual,3
Lawyer,1
needful,10
slumber,1
failure,7
deteriorated,1
bcoz,6
dates,3
Ah,1
mentioning,2
chest,3
DON'T,2
TRY,1
IT,3
insideHow,1
cancel,7
someon,1
compliant,3
coll,1
requirement,3
howfar,1
Septmy,1
restrict,1
Vi,1
robberies,1
aches,1
pacifying,1
Enugu,2
series,8
uploaded,2
Pdf,1
Non,2
non,5
CSM,1
piggy,1
amaka,1
Okay,8
compensate,1
Because,8
cooperate,5
suffer,6
additional,3
depo,1
closest,1
ve,5
funding,5
loaded,8
Up,11
Co,1
Stop,8
abo,2
Y'all,5
awake,1
StrongerTogether,1
xce,1
havin,1
Ipaja,4
okay,5
replied,13
source,1
living,2
ba,10
wharehouse,1
cyber,1
criminals,5
Chuk,1
Whys,1
fault,1
abusive,4
divorce,1
att,1
Wow,2
conclude,1
todayPS,1
deleted,2
Personally,2
Loool,2
air,7
exorbitant,2
thnk,2
archived,1
phony,1
extorted,2
frim,1
sweat,2
derive,2
joy,2
apps,13
accountreach,1
ifydcorecomthanks,1
UBAALOYSIUS,1
UCHENWA,1
UThe,1
Scammer,1
exploiting,2
gram,2
Think,1
accss,1
aas,1
cnt,1
bkus,1
spelling,2
fcmb,9
NETELLER,1
CARD,5
declining,1
Taken,1
Spit,1
Google,2
rejects,1
accepted,4
aint,3
acceptedIs,1
corper,1
I'mb,1
camped,1
imo,1
statethey,1
NIMC,2
Unfortunately,8
mebut,2
refundedclosing,1
moro,2
morningdats,1
amongst,2
til,2
breach,1
phase,1
signat,1
Replied,1
hipls,1
accountcan,2
various,1
tweets,5
Complaint,2
arrange,1
fru,1
occured,2
moneysince,1
FridayDIAISGODOOOO,1
errornious,1
bankis,1
haRd,1
insults,1
push,2
Fridaynow,1
fundsw,1
DB,2
transactionVisa,1
itits,1
complaintPls,1
Plsact,1
An,5
regustered,1
promise,5
Godsake,1
Fam,1
incommerable,1
peace,4
Gwags,2
rescue,3
clicked,1
etisalat,2
barely,5
DMs,8
draaaaaaaaaaaaag,1
kolo,2
Okponu,1
CHRONICLES,1
OF,3
PISSED,1
CUSTOMER,1
Dispense,1
dumb,2
irregularities,1
abnormalities,1
From,6
changing,4
gender,1
female,1
applies,1
Answer,4
De,1
ikeja,1
todaythe,1
grab,1
thrice,7
Shocking,1
Transactions,2
DBFriday,1
Must,4
Bcos,2
ev,4
instagram,1
method,4
Cheque,1
ull,1
retu,1
ereniours,1
signatory,1
main,8
maintainance,4
often,5
CLOSED,1
yall,8
witho,1
Ooooh,1
ofailed,1
nowlater,1
compact,1
package,1
thursday,1
Pay,5
ya,2
Phone,11
ecobankmobileapp,1
appit,1
great,3
destined,1
greatness,1
irresponsible,1
bodies,1
With,12
EcoBank,2
're,1
subject,2
further,4
maths,5
backabout,1
Ecobank,10
Geography,2
Physics,2
ohoo,1
Short,1
French,1
audit,1
operations,3
registrars,2
Oceanic,1
Mandate,1
Mathematics,3
uI,1
copying,1
aspect,1
Biology,1
Further,1
grammar,3
loathe,1
teacher,1
Funny,3
Economics,1
profession,1
Chemistry,1
class,2
struggle,1
delivered,11
deny,1
helloI,2
recipie,1
site,4
Ikotun,2
kee,1
debted,2
DIDNT,2
AIRTIME,4
caught,2
fire,15
Fire,6
discharged,3
diesel,5
drainage,2
DIESEL,1
drainagePleas,1
messing,1
emotions,1
buharism,1
regime,1
hunger,2
Abject,1
unpleasant,4
Return,10
outbreak,4
safe,1
alarm,2
happens,8
repeat,2
event,4
Unpredictable,1
Disaster,1
Like,11
suggest,1
Insurance,1
Take,2
Duties,1
abi,11
sympathize,1
incidence,2
commend,1
Lag,1
perso,1
adequately,1
insured,1
today's,1
nigeria,13
water,10
quench,1
Daddy,1
Och,1
brought,3
UPDATED,2
guts,2
VI,2
beyond,3
idiots,2
learn,2
ignorance,2
headoffice,1
curtail,1
resume,3
spiral,1
nation's,2
power,2
management,5
Where's,1
attempting,2
suicide,2
cardBadagry,1
shut,2
Foolishness,1
disrupts,1
continue,14
accidents,1
turned,3
post,6
SEME,1
BORDER,1
SMH,3
incidences,1
woke,4
ne,4
Undiletd,1
survive,2
pure,2
greed,1
C,13
Greed,1
stupidity,1
clamour,1
Health,1
Safety,1
workplace,1
brutal,1
escort,1
They're,1
Update,6
Executive,1
stepping,2
tanker,1
PHOTOS,1
headquartersmobilepunch,1
lagosisland,1
punchng,1
Fisrtbank,1
dothey,1
traffic,6
jammed,1
route,2
wot,1
cord,1
PR,1
HQ,2
delivery,5
truck,3
impacting,1
Everyone,2
casualty,1
casualties,1
arriived,2
co,11
They'll,3
breakup,1
delaying,3
UNILAG,4
om,1
bankong,1
sectorboth,1
physical,1
forVisit,2
summer,1
begins,1
PTA,2
yrs,8
rarely,4
Believe,1
scamTransferred,1
yeste,1
tranfer,1
remited,1
penaltieshow,1
polo,1
withdr,2
Issues,1
myself,8
authorized,1
removedThis,1
gotNGN,1
Glover,2
Ikoyi,4
requ,1
adding,5
Mr,6
Paul,1
olije,1
duping,1
selling,1
wch,2
fatal,3
realized,1
mistake,11
CBA,1
ERROR,1
ECOBANK,1
Bankers,2
PVC,2
lots,3
Financial,2
forecasted,1
grow,1
billion,1
resend,3
transferyou,1
cont,3
OGA,1
willing,2
branchplea,1
Theyll,3
ambassador,2
Switch,2
boo,3
criminal,5
luck,1
Know,3
frozen,3
horrible,10
distressed,2
spe,1
preventing,1
pple,7
authentication,3
Bee,1
See,3
sarcastic,1
paining,2
Aba,3
PH,1
cashless,3
Guy,4
promo,2
detail,2
goto,1
institutions,4
persons,2
blind,2
Ajah,5
wasted,4
isminsConfronted,1
graduate,2
Edinburgh,1
School,1
thesis,1
financ,1
knowing,4
Let's,1
orthodox,1
wayban,1
withdrawn,3
posthey,1
occure,1
foolproof,1
disabled,11
Issue,1
developed,2
againcan't,1
bankingare,1
mis,1
onlyfornaija,1
sine,1
forcing,1
invest,1
holders,1
slowl,1
bir,1
onits,1
placed,7
limitation,1
helpless,2
bondage,1
nigerian,2
central,3
twicek,1
default,3
soonest,2
march,2
Replying,1
Quick,1
teller,3
shinkinlin,1
Premium,1
January,7
Shame,5
tirelessly,1
texts,1
selected,1
vault,1
onI,1
wrongothers,1
Wh,2
Regulations,3
Scheming,3
wasting,3
Police,4
Politicians,2
family,7
damaged,1
await,2
ruining,2
Shebi,3
ownWell,3
sefThat's,1
passwor,2
limi,1
passwo,1
Guess,7
Knowled,1
Transferred,4
CEO,2
Sequel,3
da,5
stating,4
dt,3
PoS,2
suc,2
customerservi,1
desk,2
restriction,9
Second,3
Award,1
goes,7
easily,1
web,3
MoneyLimited,2
allow,9
misconduct,1
arrives,2
Twitter,6
handler,2
zone,1
defraud,5
themI,2
providing,3
footage,8
March,8
IBTC,5
discouraging,1
confess,1
Trophies,1
arrive,1
Seamaster,1
ITTF,1
Wish,3
knew,3
ignore,2
customersMy,1
fundsGet,1
worthy,1
WorstBank,1
repI,1
displaying,3
'incorrect,2
account',2
Yesonly,3
guarantor,3
collateral,3
updating,1
mailed,2
perticular,1
rectified,2
comprehend,1
Thisbi,1
Wic,1
ds,3
unacceptable,2
unprofessionalI,1
wished,1
program,3
fantastic,1
transferdid,1
smswhat's,1
server,5
facilitator,1
centers,1
sale,2
food,5
commodities,1
Requirement,1
rely,1
Saudi,4
Arabia,5
during,13
Hajj,2
exercise,1
systems,3
Both,9
BankWars,5
Report,2
stander,2
Arrrggghhhh,1
disappointing,6
regretting,3
ordinary,5
iTunes,1
Subscription,2
shift,3
heck,1
PS,3
mix,1
Nawa,2
thisis,1
stressful,2
ride,1
turning,1
alternatives,1
paste,1
Apologi,1
Other,1
steals,1
successfu,3
refundmenow,1
refundme,1
yourbanksucks,1
poorcustomerservice,1
fcmbsucks,1
sooo,1
unreliable,5
unavailable,1
amateur,1
dishing,1
outwith,1
accountwas,1
CS,2
awful,2
investigate,3
study,4
exhibition,1
heritage,1
macathy,1
oshodi,1
market,5
Seriouslythey,1
tears,2
totalling,1
transferr,1
PVC's,1
vote,2
anywhere,1
longits,1
alreadycant,1
Robbery,1
spamming,1
answering,1
issa,1
unprofessionalism,2
training,1
Mails,1
privately,1
PeleI'm,1
scholarship,1
crap,2
Fcmb,1
starting,2
steal,9
ooohow,1
brountil,1
moneymaybe,1
Nothing,6
lotta,3
Goddamn,2
earned,3
nu,1
Two,5
picking,5
waste,8
Trying,4
airtimenot,1
secure,4
can',2
Done,1
Dead,2
ends,3
shii,1
banker,1
passing,2
i'ma,1
span,1
October,1
Ahn,2
ahn,2
Off,1
shake,1
muritala,2
ilorin,2
maintenancePlease,1
along,3
hung,1
almsot,1
Reverse,2
GBP,1
peopleDon't,1
solving,1
qualms,1
urs,1
TRASH,5
joining,1
ibejulekki,3
secret,1
Remita,2
Audit,10
KPMG,10
nigh,1
youSmall,1
Politics,4
Summer,6
Transfers,9
Network,4
Keyboard,1
Location,2
pays,4
tot,4
terminating,1
enouraging,1
TQ,1
prepaid,9
mete,1
EKDC,1
Coz,1
Dubai,2
worth,6
stressI,1
alabaojo,1
lagos,4
they've,9
impossible,1
regu,1
glaring,1
words,1
equally,1
tagged,1
Fidelity,7
Partners,3
WorldRemit,3
Instant,7
partners,4
Rugby,1
committed,3
destroying,3
acceptable,1
morally,1
station,5
merchant,5
child,2
identifies,1
SMENG,1
meter,4
payemt,1
MONEY,3
OPERATORS,1
recent,6
L,2
keyboard,6
entries,1
Trust,3
CRIMINAL,3
THIEF,2
BANK,5
ROBBER,2
sealed,2
sto,2
cool,1
okunuga,1
tobi,1
lo,4
Portfolio,1
partnered,2
speed,2
remittance,1
int,1
Nigeria's,2
enabling,1
configure,2
customersIs,1
hustle,1
tomorrow's,1
Forum,1
amreally,1
issu,4
Cryptocurrency,1
greatest,3
nightmare,2
MobileMoney,1
Fintech,1
flashkey,1
Five,2
functioning,6
TV,2
dialling,2
bankingfor,1
itso,1
awkward,1
self,5
restore,1
numberthe,1
nowis,1
cuz,1
pinhelp,1
rationale,3
Dem,1
multiples,2
ran,4
benefit,1
cue,1
rant,1
buttons,1
andor,1
anyt,1
By,6
BackNo,1
Patient,1
AgainWeDieHere,1
UselessHow,1
Get,3
Monthly,2
under,7
Fid,1
hearin,1
wouldnt,2
complaintto,1
accountbut,1
unfairhow,1
Twice,3
Didnt,1
Paid,1
transac,5
hundred,6
pleased,4
NStamp,1
Ba,1
Downloadupdate,8
Simply,8
Flashkey,8
loads,8
oGtb,1
Ban,6
Wawwwwuuuuu,6
whicb,1
timely,3
active,10
leaves,3
acnt,2
everydaywhen,1
fidelity,2
scamthey,1
yearsnaira,1
andr,1
Shokoya,1
Adedunjoye,1
seve,2
'ENTREPRENEURIAL,1
MINDSET',1
Ac,5
firstmobile,14
shoprite,2
May,11
stunt,2
pulling,2
eveningam,1
ATMUSSD,1
codeand,1
Diaspora,2
meeting,2
tweeting,7
dunno,1
Didn't,3
dayit,1
Nepa,1
NIN,1
lifetime,2
physically,3
expected,4
provision,1
depot,1
prove,5
Connection,3
errorplease,1
finei,1
accessed,1
lokoja,1
stranger,1
isue,1
loose,6
Okthe,1
nairathank,1
Isn't,7
Throw,1
Dstv,4
pretending,5
becos,2
issuance,2
eve,2
di,6
panel,1
reduced,5
deposited,9
stayed,2
uncleared,2
transfe,3
codeNB,1
wrongly,17
Expression,1
Hasn't,1
Gotten,1
Calabar,3
Main,2
Branch,10
HmmmmmmHope,2
discounts,2
eternit,2
ie,3
relent,2
I',4
dispenseplease,1
thrukindly,1
reciever,1
tablet,1
logged,3
PIN,2
BLOCKED,1
secondly,1
ag,2
disgrace,7
wo,1
airline,1
ticket,4
yesterdayI,1
prevent,2
Paypal,1
Amount,8
Time,5
pmBeneficiary,1
AGBONT,1
OGBONNE,1
rm,4
sky,3
Thatmoney,3
iPhon,1
inaccessible,1
sometime,5
throu,1
delay,10
FB,6
newly,2
dif,2
automatic,4
transactionI,2
Firstmobile,3
Although,2
review,4
hadn't,2
fought,2
battles,1
complains,2
nowna,1
issued,6
read,4
AkinolaLawal,1
NUMBER,1
NUBAN,1
organisation,3
disturbing,2
dorman,1
fistmobile,1
stanbic,3
firstmobiletransaction,2
acctAnd,1
tomy,1
becredited,1
Urgent,3
ple,1
Charge_QBE,1
debittin,1
Gud,4
expiry,2
enter,16
bcu,1
Patronage,1
kwa,2
experiences,3
tobank,1
mistakelyrecharge,1
ussdon,1
plssssssssss,3
severa,2
firstmonie,3
believed,3
ar,6
alot,3
perhaps,3
mailing,3
Firstbank,15
insurance,6
gwarimpa,2
poorly,3
tosecond,2
accountAdditional,1
actu,2
Whats,14
purpose,5
mmi,3
party,7
Ho,1
iust,2
tosomeone,1
beendebited,1
Ihave,1
beneficiarywas,1
Equally,1
HNM,1
abou,2
attempt,12
lien,3
resulted,2
elsebank,2
safeguard,2
absolute,3
administrator,2
black,2
hole,2
whit,1
AdavizecomI,1
handle,13
selects,1
Maybe,9
inconveniences,1
numberon,1
hangs,1
timed,2
session,1
ai,4
purchases,2
shitty,3
mother,1
Cause,4
Haven't,3
morningwhat's,2
FFS,2
unattended,3
posfirst,1
key,5
paper,1
Mowie,1
announced,1
lineup,1
vs,2
Croatia,1
media,3
challenge,1
thousands,2
frm,8
boring,1
certainly,1
olasupo,1
ibrahim,1
adekunle,1
Accessing,2
isare,1
Uhmm,1
quotes,2
whateverHas,2
ATMsI,2
firstmoble,1
feature,9
Cheap,1
bastard,1
sinc,2
regulatory,2
FBN_help,2
fristbank,1
User,1
Log,3
Act,1
Otukpo,3
mostly,2
serve,1
mass,1
population,1
unfreeze,1
helpline,1
oo,8
Else,2
Marian,1
horde,2
Gado,2
Nasko,2
Kubwa,2
Mo,2
deep,4
formatted,1
Fear,1
limited,2
Odewole,1
FBNINGLA,1
swift,3
DMYou,1
resolveThank,1
credi,3
receives,3
generate,3
afford,2
empathize,2
WHY,2
authenticationKindly,1
urgency,1
effective,1
itch,1
creditedDate,1
Funding,1
Otp,1
jobless,1
req,1
retrieved,3
brief,2
holdup,1
serv,1
Himy,1
Wednesday,10
decl,2
doubletripple,1
threw,2
nowSo,1
QBEI,1
morningplease,1
clarification,1
chargedi,1
confuses,1
unavail,2
QSP,4
mini,3
Kilo,3
bus,7
pako,2
butno,1
south,1
currencies,2
travel,3
allowance,2
false,2
couldn,1
psychological,1
FirstonlineAny,1
CASTYR,1
ondo,1
bei,1
Gm,2
complai,2
cas,2
solved,8
Useless,5
pmDate,1
Beneficiary,2
consummated,1
assistmy,1
ugboaja,1
stanley,1
chukwuemekaemailuseglorycomphone,1
hvn't,1
receivin,1
networkOther,1
office's,1
checked,3
computer,4
fill,5
denying,1
whil,1
standard,5
Person,1
drive,3
Agip,1
roundabout,1
manager,8
TITI,1
chalantly,1
oth,2
daysI,2
yesterdaymy,1
beni,1
sound,1
encountered,2
carrying,1
replyplease,1
Nobody,3
avoiding,1
suspected,2
headachebeen,1
codewahalaokay,1
initial,3
HelloPlease,1
function,2
Request,1
processin,3
terminalthe,1
debitedi,1
PlsI,1
stories,3
intention,1
onli,1
temporarily,1
errorcheck,1
box,3
filli,1
became,3
revolving,1
door,5
Unnecessary,3
detests,1
tiring,4
spoil,1
imputed,2
IUD,2
Subscribing,2
todayReal,2
Wrong,4
appIt,1
retrieving,1
Alerts,1
drops,2
page,2
disappointments,1
tweeted,4
dmDis,1
ineffectivethesame,1
shits,1
FirstBank,9
YouFirst,27
Mibi,1
Proper,1
homework,1
Why's,2
present,1
Aaaarrrggghh,1
Kano,4
dogo,1
turanchi,1
Storm,3
FUTA,1
ALSO,1
ruin,4
plans,3
Alex,1
sen,1
ib,1
chances,1
miss,6
LifeOfAnEntrepreneur,1
truely,1
yarn,1
shaku,6
stops,4
trending,1
stardom,1
tossing,1
proof,1
inefficient,3
dissociate,2
linesim,1
links,1
numberu,1
ikotun,5
bye,3
unauthorized,6
Speaking,1
handing,1
customershame,1
Diya,1
Gbagada,2
untagged,1
cardsbareno,1
Madam,1
friends,12
ibukun,1
Awosika,2
afterall,1
cashed,1
Fact,1
File,1
Chairman,1
chemistry,2
OAU,4
ileifeShe,1
lawyer,1
otherwise,3
transport,2
chairman,2
ileifeAnd,1
EasyBanking,1
EasyService,1
Exceeded,1
Satisfaction,1
Reliability,1
accuracy,1
trulyTheFirst,1
port,4
mtncredit,1
Launches,1
FirstBankisDigital,1
senseless,1
Boda,5
Bayo,2
mummy,6
iron,1
cloth,1
unilag,9
campus,8
storm,8
Ogaga,2
inana,4
midnight,1
Weldone,3
laying,3
building,3
blocks,3
Wouldn't,3
Bancassurance,2
neve,3
tends,1
exploit,2
yearly,2
dragged,2
kilo,1
holidays,1
contac,1
allsent,1
Bruv,1
bullied,1
Olisa,1
Agbakoba,1
challenged,1
Orders,1
Olis,1
breathing,1
thingwould,1
'item,1
bankers,4
Issit,1
deposits,2
Yassssss,1
TheEntrepreneurMindset,1
CampuStorm,1
TEMinUnilag,3
EntrepreneurKonnect,1
THE,8
NIGERIAN,2
STOCK,2
EXCHANGE,2
UPDATE,2
AUGUST,2
MarketSnapshotTopAdvancers,2
TopDecliners,2
TopTrades,2
you'll,4
Connect,2
Unilag,8
buried,2
holes,2
le,2
flows,1
shuu,1
rap,2
thrown,1
plssss,1
plsss,1
yu,1
ke,2
Campus,5
Lecture,1
attendance,1
throw,2
hissy,1
aggressiv,1
invention,1
deployed,1
NFC,1
OlaLekan,1
Olude,1
masterclass,1
Tommorow,1
connected,4
emailed,3
chatting,5
APC,1
whatsApp,1
Top,1
storyunemployment,1
crisis,1
'The,1
unemployment,3
Congratulati,1
transacting,4
frequen,1
worried,3
aboutWell,1
based,3
Machines,1
Federal,1
Secretariat,1
BranchL,1
ijebu,1
Ijebu,1
forgive,3
chose,1
exonerate,1
itself,2
seizesstole,1
annoyingly,3
Logitech,3
USB,3
Headset,3
NoiseCanceling,3
Microphone,3
Either,6
timeNot,1
disappear,2
Brand,1
Be,3
Bland,1
bland,1
Chizor,1
Malize,1
Brandzone,1
Consulting,1
LLC,1
SmeConnectSeries,1
authorization,1
embarrassment,1
referee,1
farmer's,1
cooperative,1
Coopera,1
Uncle,3
haven,1
strict,1
Current,1
cares,2
YewandeZacchaeus,1
masterclasses,1
startups,1
SMEConnectSeries,1
SMEConnect,2
Many,2
learning,1
vital,1
elements,1
Plis,1
impact,1
evaluated,1
refers,1
Kabba,2
large,2
organisations,2
easyyoufirst,1
ru,1
Fin,1
Nig,1
listening,1
Ibukun,1
interested,3
Talk,1
extortion,2
dmplease,1
Life,1
elected,1
'the,1
blocked',1
Yaff,1
comot,6
uber,1
Nopeme,1
June's,1
tomorrowThey,1
Bastards,1
Crooks,1
maintain,5
Kosofe,3
registerNo,1
Links,1
thoo,1
JulyThey,2
expiration,1
venue,1
Jelili,1
Adebisi,1
Omot,1
programme,2
initiat,1
gott,1
xplorefirst,1
Beware,1
attention,3
drawn,1
silent,1
conscience,2
Entrepreneuri,1
trends,1
reznEconomic,1
meltdown,1
improper,1
plantingsExcessive,1
ETC,1
quality,2
inefficie,1
False,2
Move,2
headSmile,1
mile,2
spit,1
bars,1
Join,3
creepy,1
quack,1
eating,3
stone,2
apologies,2
repeating,1
Kudos,2
disappointment,2
hot,2
sun,1
yourself,2
hectic,1
quing,1
jesting,1
smth,1
traders,2
stood,2
spot,2
ussdTruly,1
habitual,1
Ussd,2
SmeConnect,1
Oriental,1
Hotel,1
Follow,1
Instagram,1
Anywhere,1
Out,3
overcrowdedLet,1
moneyabeg,1
it',3
Gambo,1
Abubakar,1
Tomorrow,2
Entered,1
accountThanks,1
frustrates,2
confusion,3
Ion,1
organised,1
IGNORE,1
complainmessage,1
telco,1
biller,1
established,1
owners,2
wannabe,1
SMEConnectSeriesKeep,1
lines,8
mobi,1
history,8
FirstMobile,12
couldnt,4
borrow,2
December,3
House,1
surety,1
UnilagThere,1
Days,4
goUnilag,2
Stormrd,2
dint,4
Tayo,2
Baraya,1
SU,1
coughing,1
cure,1
clinic,1
annoyin,1
emptying,1
Bank's,1
lagging,1
WiFi,3
ta,1
stuff,1
itmy,1
thatmy,1
Success,2
final,1
courage,1
countsJoin,1
BabaJide,1
Ipaye,1
recieve,2
ottp,1
foreign,3
soft,1
shameful,2
predict,1
wrng,1
activation,2
plsz,1
torn,2
badI'm,1
appropriate,1
timePlease,1
hit,1
mehn,2
cold,1
thisThere,1
thoroughOn,1
Jul,1
narration,1
situations,1
otukpo,1
inbox,3
togetherKerosene,1
Series,1
offer,3
ocassion,1
cell,4
Deduction,3
largest,1
somebody,3
surprise,4
platforms,2
ALWAYS,1
beginning,6
pu,3
liked,4
dere,5
unborn,1
hunku,2
fraudster,2
social,2
medias,1
seatCan't,1
Gents,1
advise,4
Verve,1
Anyone,1
recipients,5
weren't,2
vendor,1
recieving,1
Ayetoro,1
Gb,1
Nair,1
mom,1
workingi,1
worki,1
wife's,2
someones,1
she's,1
collide,1
cronies,1
systematically,1
ste,1
area,7
Yorubas,1
pepper,2
Hausas,1
igbos,1
sued,1
Awful,1
Murtala,1
Mohammed,2
terribly,1
cancelled,4
firstcheckout,1
Well,5
QuickBooks,1
software,2
Seun,1
dance,4
Shaku,2
ashamed,2
lying,4
kola,1
forming,1
elder,1
Elder,1
robbing,8
FIRSTBANK,5
verifying,1
Debited,6
somedays,1
Though,4
truly,6
western,3
union,3
coordinate,1
hands,3
legs,1
Major,1
remitting,1
MVTU,1
Email,2
firstcontactcom,2
Hours,1
Register,2
Company,1
Lolthe,1
warning,1
worrisome,1
planing,2
performances,1
Lo,1
downlo,1
badtook,1
Man's,1
POSWay,1
bankpls,2
methank,1
RIP,1
Funke,1
Adamson,1
Endured,1
childless,1
marriage,1
decade,1
Sarah,1
Hannah,1
Lord,1
FIB,1
HeheheNo,1
lele,1
Haaaaaaunderrated,1
summing,1
Vtu,2
nearly,3
Hulled,1
Sesame,1
seeds,1
Jack,1
dull,1
Legbegbe,1
whether,4
storms,1
campusgonna,1
lit,1
yday,2
Started,2
washing,1
cars,2
Being,5
WEY,1
vanish,1
difference,2
debitedplease,1
observed,1
Msg,1
msmenalicious,1
garden,1
eggJoin,1
needle,1
trek,1
slippers,1
CampusStorm,1
powered,1
depression,2
sets,2
ini,2
search,4
JUL,1
ehhh,1
suck,2
relativ,1
specifically,2
badder,1
yoursI,1
rigid,1
AccountIts,1
inappropriateFuck,1
Alert_charge_QBE,1
permits,1
stateme,1
reactivated,5
wack,1
merchants,1
definitely,5
mastercard,4
seminars,1
Camera,1
finance,1
shd,1
mb,1
dirty,2
laugh,1
toCuz,1
Focus,1
commitment,1
Oya,2
Sha,1
shakuGet,1
sadness,1
Jaiz,1
Fireside,1
FirstBankDigitalLab,1
FirstBankFireSideChat,1
owing,4
ucard,1
Sunday,8
sake,3
paylution,1
dropped,5
guy's,2
elite,1
typed,3
Fmobile,4
unsettled,2
intend,1
reversalbecause,1
erro,2
concrete,2
Trasfer,1
permitted,1
proving,3
incompetence,4
displayed,3
trx,1
fbn,7
You've,6
dignity,1
stalling,1
guise,1
techni,1
Lodge,1
agitated,1
todayAccount,2
remaining,3
nos,4
dbtd,1
holiday,2
fav,2
crdtd,1
august,2
amounting,1
Facebook,2
acknowle,2
creditedwhy,1
GOTV,4
felt,2
buzz,1
guyz,2
Olodo,1
gbogbo,1
authorisationThe,1
descriptionnarration,1
vague,1
meanin,1
quickteller,3
february,2
handlers,2
bunch,3
XXXX,1
SEP,1
Esotu,1
Benedict,1
Bhet,1
monthyou,1
exam,1
Reversal,2
orderI,1
difficulties,5
enrolled,2
monthlyReinstate,1
UK,2
cashier,3
officially,4
betj,1
moneywill,1
ea,2
compromised,2
Job,1
monthsIt,1
secs,2
separate,2
IdVoters,1
carddrivers,1
license,2
sep,2
Twelve,3
refunding,3
globacom,2
minute,5
Tweeted,1
guysAfter,1
respondIf,1
MonthsBrainTeasers,1
Airtime,10
maall,1
akomolafe,1
kayode,1
ayomide,2
ikere,1
ekitiI,1
occasion,1
Tonight,1
BrainTeasers,3
providers,2
figure,1
outBRAINTEASER,1
WHERE,1
OLE,2
Evening,4
alat,5
refer,1
completely,2
dubious,1
trust,6
reminders,1
cus,3
emptied,3
disheartening,1
nugget,1
owe,5
del,1
maintenan,3
eye,3
duped,2
numerous,5
dmPls,1
add,6
misery,1
todayY'all,1
entire,4
topped,4
yt,1
AliExpressit,1
doin,1
premium,2
relog,1
mpin,1
intervene,1
reform,2
lied,1
monitor,2
closely,2
successfulYet,1
Ogana,1
sefbecause,1
kyou,1
procasting,1
lets,5
reve,1
prevalent,1
Institutional,1
Support,1
Scale,1
QsQs,1
refnumber's,1
callOK,1
clai,1
amaze,2
servicesam,1
pissed,6
arrest,1
opinion,1
Sad,3
Saturd,1
loade,1
exchange,1
WAYOMade,1
Meanwh,1
Bruh,4
Experiencing,1
Directly,1
indire,1
Tnx,1
possession,1
mobel,1
wallets,1
absolutely,5
punish,3
fi,2
monie,2
trice,1
recharges,2
responsehow,1
console,1
FIFA,1
boyfriend,1
Hmmmm,2
mawni,2
wud,1
q,1
thescam,2
Trasaction,2
PleaseI,1
explanationI,1
RT,2
word,2
compose,1
anoda,4
forth,4
thug,2
nightit,1
kit,1
unwarranted,1
Frist,1
appear,1
res,1
Standard,2
Chartered,1
regretful,2
arbitrary,3
iyanapaja,1
super,3
notorious,4
payin,1
moni,2
efforts,2
rubsteal,1
earlie,1
'account,1
cha,3
tiny,1
verif,1
attained,1
field,1
none,4
fip,1
fifth,2
inteded,1
iver,1
competing,2
AppYou,1
disclosed,1
fing,2
Expressio,1
Cancel,1
Mstcew,2
Went,4
offices,1
Lady,1
nonlonger,1
tolerate,1
refle,1
errand,1
aged,1
father,2
IBEDC,2
pre,2
wema,6
ledger,2
gon,3
loud,3
TeamI,3
debitedHowever,3
labour,2
refo,1
telecoms,1
English,3
Remove,1
imagine,14
correspondi,1
Ife,2
built,1
highway,1
numbe,1
doba,1
monthalways,1
havi,1
wth,1
ws,3
useI,1
joined,1
BT,1
officials,1
Omuaran,1
moments,1
numb,2
ee,2
impunity,1
forgery,1
Doesnt,1
customerthrough,1
Youfirst,3
noreplyI,3
openin,1
portharcourt,2
Expressions,3
Mastercard,5
react,2
backsSMS,1
accountsCard,1
maintenanceSMS,1
twicenothing,1
modern,1
choice,3
augustThe,1
deductio,2
renewing,1
CAR,2
residency,2
sucks,5
Tri,1
resolving,4
confidence,2
blatant,2
shameless,1
kstopbankfraud,1
bfn,1
slowest,1
distress,1
empathetic,2
funniest,2
unconcerned,2
rain,3
prevented,2
Absolutely,2
ytday,3
mnth,2
transactionand,1
truedey,1
notificationsame,1
Ring,1
min,3
nowno,1
legitscammers,2
firstbankngr,1
resposei,1
transf,1
FIP,5
mybetja,1
becomin,1
isAccount,1
IKEDIALA,1
FRANCIS,1
CHILETAMAccount,1
otrying,1
sabi,5
satisfaction,1
depositors,1
bulk,3
lower,3
ten,1
NEndBankingFraudReformjaBanks,1
PAY,1
BILL,1
Bought,1
Almost,4
IUC,1
noone,2
Unfortun,1
youfirst,4
headed,2
artists,2
legit,7
God's,2
deeply,1
HelpGet,1
remit,2
sunday,3
hacked,5
CSO,2
hacker,1
alarming,4
hype,1
converted,3
stepped,1
correspondence,3
escalated,2
signs,2
Abule,4
Od,2
succesful,1
transcation,2
decades,2
thoughThey,1
chargesJust,1
Plea,2
abakaliki,3
Ebonyi,2
waiti,1
FirstBankIsAFraudFirstBankIsAFraud,1
FirstBankIsAFraud,1
Yaba,1
ebonyi,1
happeni,1
bancassurance,1
killed,1
probability,1
basis,3
runaway,1
Screenshot,1
dry,5
NEPA,3
interbank,10
Reformjabank,2
ACMy,1
sth,2
Looool,1
jokes,1
overly,2
accurate,2
laidi,1
folks,2
ought,2
essence,2
twitt,2
Aunty,1
Line,2
Number,5
rechargd,1
BankI,1
onto,2
aa,2
yourselves,2
managed,1
plsjust,1
watin,1
somehw,1
remo,1
tri,1
accountits,2
pres,1
feels,3
biz,1
stalls,2
incl,1
feeSavingsWednesday,1
helloi,1
they'll,1
dragging,1
daysFCMB,1
sensib,1
oooh,1
FirstBankNairaMasterCard,1
Firstmonie,1
workingCan't,1
Bvn,2
DOB,1
collaborate,1
gatewa,1
eko,3
phcn,3
shot,7
yesternight,1
twiceI,1
Dis,1
airt,3
detonation,2
myFirst,1
cred,3
Minutes,1
Gdeveningi,1
thin,2
dispensation,1
offline,1
tha,7
foot,1
mum,5
startimes,2
obvious,2
banksve,1
gonerogue,1
inst,1
met,3
FirstBankNairaCreditCard,1
recvd,1
behalf,1
eg,2
determine,1
rec,2
Food,2
break,2
heart,5
meFood,1
cheat,1
meF,1
knows,2
alread,1
appears,2
cunny,2
excuse,7
Sep,2
trial,2
bawo,1
depositing,3
MYSELF,1
exposing,1
flaws,1
atrocities,1
farI,1
mos,1
TO,6
offa,1
garage,2
kwara,1
seat,1
judgement,1
improve,5
activating,5
detailson,1
thro,1
ju,2
prior,2
creditedpls,1
_,2
artillery,2
harc,1
harcourt,1
awk,1
saddens,1
countries,3
Allow,2
chop,2
dose,1
naa,1
Stingy,1
ric,1
Dugbe,3
anytimei,2
isB,1
condemnation,1
REQUIRED,1
served,1
APPRAISAL,1
'card,1
smart',1
ways,3
DMIt,1
Og,2
MINUTES,1
Guysmy,2
belle,1
Attimes,1
reporting,5
Cydm,1
DS,2
realWhat,1
trueThose,1
rumours,2
allClick,1
maintainin,1
moneyRefund,4
moneyAbeg,1
sureand,1
availability,1
achieving,1
demands,1
Holders,1
remitted,1
Ple,1
CommonCarFaults,1
Feel,1
steering,1
wheel,1
vibrations,1
driving,3
WheelBalancing,1
viewing,1
Regrettably,2
edgehold,1
Fej,1
simply,3
DMit's,1
haba,1
depeosit,1
ABM,1
Plaza,1
Utako,1
ll,3
expression,1
requestkindly,1
Waste,1
dms,2
wouldn't,10
eterni,1
safety,3
Ifaki,1
attack,2
Understandably,1
tells,1
QR,1
bday,2
snt,1
mssg,1
Withdraw,1
nowHave,2
dubiously,1
squander,1
doi,2
remi,1
Startimes,1
yesterdayNo,1
damn,1
Hope,4
shuts,2
nah,1
sir,4
KING,1
sirYou,1
bless,1
jst,2
unical,1
gate,2
FinTech,1
settled,1
penetration,1
realise,2
scammer,3
list,4
experts,1
inlaw,1
devil,1
drink,5
kin,2
fathers,2
alertI,1
Seke,1
Osogbo,7
Above,2
Idiot,1
pretty,4
nada,1
hican,1
iss,1
hang,2
Incase,1
kThe,1
succ,1
jumai,1
Iswr,1
gimme,1
Neither,2
Lukaku,1
Santa,1
BoxersWe,1
Winter,1
secured,2
Cards,1
Visit,2
todayOffer,1
lasts,1
Octob,1
HelloPls,1
Smile,1
unreasonable,3
handel,1
ability,1
attempts,4
subsequent,1
reversals,2
stBank,1
positive,1
LolYeye,1
protecting,3
breachesHow,1
playIts,1
music,1
theinvestmentsociety,2
thecolloquium,1
MasterCards,1
SWIFT,1
outside,4
India,3
Retail,1
employers,1
globally,1
stable,1
economical,2
status,1
upDoor,1
annoyingCashiers,1
sluggishNo,1
seats,1
customersMtcheeeeew,1
prioritise,1
areas,2
economic,1
specialisation,1
comparative,1
advantages,1
Yemi,1
Kale,1
Statisticia,1
Etop,1
purchaseI,1
Erin,1
mi,2
plsi,1
itwhere,1
coedited,1
Airtimemtn,1
parted,1
Azeez,1
Mariam,1
cheek,1
withing,1
rural,1
ice,2
bankAgoi,1
Adeola,3
Issued,1
okpara,3
Avenue,3
enugu,3
IbadanNeed,1
morningi,3
reversei,1
reverseN,1
Seen,1
thanksI,1
shown,4
refersalbut,1
otubu,1
oghenevwede,1
ruona,1
ment,1
Total,1
unattendedNo,1
Akintade,1
Adebukola,1
Helloooooooo,1
founded,1
harassed,2
Amounts,1
Date,3
mehnn,1
li,5
tamper,1
icon,2
verified,1
absorbed,1
Treat,2
Phd,1
RETURN,1
STOLE,1
debitedbelow,1
Sighs,1
nothin,1
Park,1
Haba,6
Adeboye,1
Mutiu,1
Idowu,1
Michael,3
Awana,1
airti,3
submitted,4
haf,1
CHOOSE,1
lodging,1
wk,2
Notting,1
totaled,1
creditingwhats,1
shud,1
ele,1
dy,4
patient,4
firstmoblie,1
E,4
dataI've,1
guysthis,1
Folks,1
thinks,1
kinda,4
Failed,7
Sin,1
assistment,1
PalPay,1
items,2
palpay,2
HelloNo,1
Despite,1
appthe,2
mor,1
Adam,1
Farouk,1
Disputed,1
ThanksHope,1
pur,1
UCH,1
provider,2
ignor,1
'b',1
Electricity,3
document,2
upgrading,4
treatment,1
respectively,1
NN,2
Messagesplease,1
stopav,1
exhausted,4
kno,2
honest,1
Hoping,1
Adesina,1
Mojeed,1
adewumi,1
bolingo,1
abuja,4
STAR,1
DENIZE,1
GLOBAL,1
VENTUR,1
NYANYA,1
NG,1
bia,1
payed,3
pill,2
donewhy,2
moneyReversal,1
hellomy,1
rescinded,1
applicatio,1
evenin,1
Uptill,1
Seeing,1
nairaland,1
Dms,1
authorisation,1
aedc,1
units,2
applicable,1
Practice,1
unresolvedThis,1
answered,4
activ,2
crappy,1
itches,1
middle,5
professional,2
tooTill,1
todayDem,1
amI,1
nightthe,1
acmy,1
NK,1
FirstbankngMy,1
Chiamaka,1
Osuji,1
overdue,1
ema,3
Uni,2
Wed,2
lalingo,1
Taraba,1
magame,1
informationexplanation,1
Check,2
proper,5
occurred,2
highly,1
rippers,1
withdrawalThe,1
BIGDm,1
Problem,2
occurring,1
somethingPlease,1
migrating,1
OK,5
Disable,1
Respond,1
contactwas,1
baffles,1
authori,1
NumberThank,1
Glo,7
offend,2
repeated,1
sango,4
otta,2
bridge,1
doafter,1
whycustomers,1
linemy,1
Adepoju,1
Oluwasegun,1
AdekunleTransaction,1
dateAmoun,1
reviewing,1
ahev,1
blacklisted,1
succeeded,1
gat,1
rechar,1
applying,2
inconvenienceIt,1
financial,8
Counting,2
Sincere,1
bott,1
todayno,1
alternative,3
potential,1
charg,3
Obisesan,1
abiola,1
ridwan,1
Pos,3
lol,5
babe,2
NCC,1
cpntcontact,1
assit,1
recharg,2
morningMy,1
Unyime,1
AkpanPlease,1
Iwe,1
competent,1
yourselfI,1
prompt,2
Continue,1
exhaust,2
issuei,1
forwarded,4
however,5
credite,1
Similar,3
withd,1
broda,1
fcm,1
mistakly,1
injured,1
Usually,2
memorize,1
CareLines,1
sincerely,1
debitedwhy,1
disgust,1
yalls,1
amtrecipient,1
disabling,1
NoPhone,1
opposite,2
jabi,2
rush,1
erupts,1
em,1
sm,2
refuses,1
des,1
GOVT,1
politiciansThey,2
Cue,2
Mizar,1
Alcor,1
Goodmorning,1
Heard,2
mismatch,1
Umuahia,1
BankZenithDateDebit,1
unreversedOn,1
wasn',1
scroll,1
earlierIt,1
reference,2
Cold,1
anot,1
ripped,3
dialled,2
Rather,2
exploitative,1
FirstBankngr,1
insufficient,2
Appit,1
deductedpls,1
Responding,1
LAST,3
jumbo,1
tariff,1
affords,1
litely,1
Sat,1
detailsDiamond,1
Yello,1
thembro,1
Shaa,1
Egba,2
sirI,2
game,4
GOTv,1
Ahhhhh,1
unsuccessf,1
ohbeen,1
Mon,1
Hy,5
tractions,2
tract,1
nowPlea,1
PWD,1
IKEJAin,1
millions,2
investigated,4
frequent,1
solidifies,2
Stay,1
indoor,1
GTBi,1
fumble,1
Globacom,1
organizations,2
Ni,1
Sire,1
misfortune,1
institution,5
Wake,1
upeatgo,1
sleepsleep,1
deductin,1
bookcurrent,1
originally,1
reversedCheers,2
Pelejust,1
migrate,1
bullshit,1
drained,2
rice,2
continuously,1
heal,1
LOVE,1
WITHOUT,2
swimming,1
unexplainable,3
whine,1
addicted,1
Wa,1
consolation,1
unaccounted,1
GTRescue,1
tied,1
nowAnd,1
summoned,2
QueryNever,1
pool,1
shirt,1
rn,3
Boss,2
sobs,1
TRANSCATION,1
FAILED,2
Hian,1
ATMS,1
Akin,2
Adesola,2
scrunched,1
weed,6
blend,1
tram,1
Ahhhh,1
nna,1
chai,2
passed,4
Send,3
click,2
loyal,1
eat,6
insert,1
GTB's,1
instructionsGo,1
scratching,1
emoji,1
teenagers,1
pins,1
schoolyard,1
bully,2
Disney,1
Musical,1
painful,3
fahh,1
accident,1
plenty,2
cashout,1
restrictedAnd,1
ochai,1
numbers,5
reread,1
dulling,2
chill,1
permission,2
Preparing,1
exams,3
againInform,1
gtbanks,1
amoun,2
Pray,1
Agbor,1
Delta,1
Cam,1
slight,1
assigned,1
Calle,1
GTb,2
extort,2
roofing,1
consumers,2
fraudu,2
igboona,3
pattern,2
cardthe,1
disgraced,1
muchcan't,1
Dry,2
bow,1
practice,1
Sleep,2
Party,2
arriving,1
depends,1
naso,1
immediatelyI,2
gonr,2
decide,8
frustr,2
Wanna,1
Give,1
passport,3
maintenancetransfer,1
maintenancebank,1
Thinkin,1
helloplease,1
tgen,1
Incompetence,1
cer,1
fuckers,2
bitchass,1
yoursordinary,1
som,4
switched,3
gainer,3
buoyed,3
sizable,3
gains,3
heavyweights,3
bps,6
letting,1
peopleyou've,1
againwhy,1
Ota,1
commence,1
particularly,2
ours,1
cashkindly,1
Kindly,6
currency,2
gba,1
kamu,1
mayb,1
legbegbe,1
ooh,2
authenticate,1
Lightning,1
helpwhile,1
bankthe,1
twiceWh,1
touch,2
Midnight,1
crusade,2
Barely,1
zooming,1
Reimburse,1
Pathetic,2
points,1
Drove,2
odd,2
somebody's,1
smoke,1
inconsiderate,2
louuuudd,1
Lem,1
dm'd,2
dey'll,2
edividend,1
ahhh,1
accounthastobeguaranteedfirst,1
transportation,2
Sangoota,3
Joju,3
transactns,2
CAC,1
checki,1
costumers,2
IWO,1
ROADNEW,1
GBAGI,1
MARKET,1
AGODI,1
GA,1
Woow,1
morr,1
tokin,1
pvc,1
discou,1
noticedso,1
Fri,2
Bode,2
Thomas,2
random,2
fighting,2
Maitama,1
pleaded,2
ascertain,1
analyse,1
therein,1
complia,1
Lool,2
something's,1
GTWorld,13
sh,2
irks,1
calculations,2
youthe,2
leaps,2
easier,3
Depressing,1
speaks,1
described,1
Corporate,2
insane,2
uselessi,1
deleting,2
reinstalling,1
disconnect,2
maki,1
dspense,2
usimg,2
infuriated,1
Issa,3
ojere,1
theres,2
debitedbe,1
whateverwe,1
swip,1
Thrice,1
Mehn,1
theives,1
whic,1
ohh,1
shi,1
hes,2
stock,2
trading,2
bankingDo,2
expire,4
routing,1
uyo,2
udoudoma,1
red,1
Jesus,1
hoursno,1
alertno,1
acknowledging,1
inming,1
grandma,2
alright,1
epp,2
weeksbesides,1
uukg,1
urgentThanks,1
ack,1
refundamt,1
dd,1
solely,2
onions,1
steroids,2
drugs,1
wats,2
getYesterday,1
restricting,1
internetToday,1
Jos,2
Plati,2
sirma,1
ogbomosho,1
everydayjust,1
removes,2
commissionGTB,1
discontinue,1
userid,1
Agents,1
requesti,1
chairs,1
keeping,3
standing,3
btwn,1
threat,1
lifeOne,1
Oyeniyi,1
Folorunso,1
Bodija,1
jibiti,1
lolz,1
reimbursed,2
thei,3
deducte,1
Migrating,2
bigots,2
SterlingBank,1
spirited,1
discover,2
'july,1
renewal',1
morningchill,1
ooso,1
agocan,1
receivedGTB,1
activitie,1
recipient's,1
Ineffici,1
Electronic,1
development,2
issuing,1
explantation,2
isiaka,1
tomiwa,1
adenike,1
Hell,1
textin,1
nxt,1
disturb,1
dream,2
annoy,1
Frankly,1
uncalled,2
Them,3
proactive,1
kinsmen,1
Plateau,1
Benue,1
States,1
fundwats,1
Gapslite,1
rily,1
nice,2
pple's,1
accountow,1
renewal,6
Pity,1
enquiries,1
Neva,1
movey,1
Hmmmmm,1
markethub,1
STOP,3
STEALING,1
CHANGE,1
FROM,3
smemarkethub,1
whol,1
Ema,1
somi,1
oloriburuku,1
ado,3
Ekiti,4
DIY,1
serviceKudos,1
walked,4
Egbeda,3
sorting,1
incompe,1
Emailed,2
'supposed',2
Several,2
copied,2
lmaobe,1
sying,1
Akowoji,1
pmystdy,1
Jus,1
offix,1
DugbeDem,1
OGUN,1
KILL,1
UNA,1
woman,4
rudely,1
mysteriously,2
SaturdaySunday,1
baffling,1
oooowhy,1
etransfer,1
Unfortunatel,1
Nyanya,1
T,4
Ayam,2
tayad,1
bastards,2
Always,2
unblock,4
hotlist,1
Music,3
deadline,1
passCheck,1
Renewal,2
didn',4
THought,1
oThis,1
PLAIN,6
STUPID,6
ridiculously,6
INCOMPETENT,6
quarrel,1
jumia,2
orde,1
handling,4
meaningless,1
ate,2
recession,1
harassment,2
babies,3
shroud,1
sleazy,1
brands,1
LACK,1
governance,3
ser,2
approaching,1
Liquid,1
hurting,1
bullying,1
vivid,1
Birthday,2
wishes,2
writting,1
te,1
Haaa,1
rubbing,1
contacts,1
merchant's,1
WILL,2
CLOSE,2
YOUR,2
TOMORROW,2
AND,8
WITHDRAW,2
KOBO,2
THERE,2
FO,2
anybody,2
interintra,1
ACT,1
fruitful,1
Security,2
protocols,1
thoughTo,1
wayIt's,1
guranted,1
burry,1
eff,2
You're,2
cur,1
Innocent,1
follows,1
piiiim,1
pimmm,1
messageGTBANKAcct,1
Amt,1
Devil,1
oIssokay,1
located,4
iyana,2
Osun,2
bankbecause,2
FRAUDALERT,2
haslaunched,1
Explain,2
mand,1
BAUCHI,1
unique,1
HappeningNow,1
Alaba,1
locks,1
generator,3
GIDITRAFFIC,1
communicated,1
ganran,1
notifying,1
spends,1
mornin,1
sendin,1
receiv,2
Today's,1
Patience,1
particul,1
count,1
We've,1
stocktrading,1
wt,5
Manag,1
tally,1
laspotech,1
ikorodu,3
asks,1
temperature,1
rising,1
deliveries,1
decision,1
Haha,1
parameters,1
anymor,2
instances,2
nuff,1
obut,1
hrmins,1
Car,5
getMechanics,3
usable,2
eeeeh,1
soak,1
Seriously,2
Sharp,1
sharp,1
disappearing,2
apologized,1
LolBanner,1
prolly,1
prize,1
stays,1
barest,1
Hep,1
zip,2
Screenshots,2
tow,1
majority,1
Niger,1
Between,1
toda,1
reprimanded,1
shouldn,1
soul,2
disappea,1
CHESS,1
bros,1
MB,2
errands,1
Dude,1
yourbank,1
Blame,1
Safetoken,1
Interswitch,1
hardware,5
Socalled,1
hoursUseless,1
Aliyu,1
Achimuga,1
play,6
Drogba,2
johanna,2
correctly,1
frustration,4
signup,1
GAPSLite,9
presents,1
reserved,1
canada,1
residence,1
permit,1
Ge,1
grieved,1
club,1
NPFL,1
officiating,1
cashing,1
tops,1
ups,2
forgetting,1
According,2
messagesso,1
II,1
cheated,1
GUaranty,1
especiall,1
bae,2
pain,6
Chai,3
Guilty,1
snitch,2
Youre,2
friend's,2
wedding,1
relied,1
Note,1
popular,1
Use,2
Acting,1
Erhhh,1
Foolish,1
Sorrr,1
abnormal,2
mute,2
advertised,2
reduce,2
pla,2
unsolicited,2
unbearable,2
ehnn,1
ooNigeria,1
Worse,2
unthinkable,2
MAD,2
practicing,1
madness,3
whoopi,1
Myself,1
Tbh,2
switching,1
Day,3
wondering,3
levelThis,1
yor,1
guessed,1
evaded,1
letoff,1
accont,1
stressfulusing,1
amd,1
Unavailable,1
breathe,1
soooooooooooo,1
e_channel,1
Hmm,3
Details,1
transactio,1
huh,1
subscribing,1
revised,2
immigration,3
Criminals,6
CCTV,6
mandated,1
watched,1
fans,1
Year,1
Stupid,3
ingredient,2
NASTY,2
representatives,2
pipu,1
Heeehhhhh,1
Wait,1
Cry,1
CBN,1
silence,1
bankwars,2
GTBANK,4
differ,1
Activate,1
Tobe,1
Normal,1
ON,2
REPORTING,1
LEVELCRY,1
CRY,1
Germany,1
kenahI,1
mature,1
drama,1
bankwar,2
Babachir,1
Lawal's,1
grasscutter,1
probe,1
lacks,2
integrity,1
unlooked,1
thereApology,1
disfigure,1
thereYou,1
convenience,1
hmm,1
jack,1
practically,3
joc,1
Looks,2
prison,1
strenght,1
France,3
Sincerely,1
Available,2
Balance,1
va,3
Cant,2
acquiringrenewal,1
Int'l,1
millennium,8
HELP,10
PLEASE,10
Each,3
REMOVING,2
GTConnect,2
shortcode,1
serviceThen,1
sabotage,1
OBVIOUS,1
minimal,1
LolzzNo,1
cud,2
cudnt,3
touring,3
instructing,3
Acknowledged,1
Nov,1
unactivated,1
NigeriaTheyre,1
uselessImagine,1
picture,6
Ikosi,1
shaded,1
SHIT,1
GTconnect,2
row,2
Immigration,2
Passport,1
BICSwift,1
eban,1
village,3
FRSC,1
drivers,1
accessfraudbank,2
bribe,2
manDebited,1
Rectify,2
Wawuu,1
GTBfied,1
jo,1
clients,4
SMEMarketHub,1
kg,1
bag,2
performing,2
refunds,1
dois,2
wrongcoming,1
reas,1
staycharge,1
recog,1
fraudulentGTBank,1
cust,2
dan,1
yola,1
Arumse,1
wajim,1
BECAUSE,1
LOST,1
PHONE,2
HAVE,1
GO,1
FOR,1
GET,2
NEW,1
BRANCH,1
NATION,1
WIDE,1
marital,1
hanged,1
Amao,1
Aderibigbe,1
Akute,1
anty,1
Diss,1
nameYou,1
chargedStuck,1
FYI,1
readiness,1
promptly,1
authenticating,1
initiate,4
daylig,1
gona,1
recei,1
TF,1
platfo,1
cheating,1
whose,1
instruction,1
applie,1
notifie,1
debuted,1
clicking,2
allGot,1
Broad,1
robbers,2
enormous,1
divert,1
othe,1
suffice,1
onesYou,1
thinking,5
creativegive,1
somebodys,1
resolveThanks,1
settlement,2
USA,3
para,1
gan,1
oO,2
nails,1
Play,1
IOS,1
Ahani,1
wtf,1
commission,7
realtime,1
guysKindly,1
unlawful,1
withhold,1
selectively,1
ATIVN,1
withholding,4
tax,3
understan,1
America,1
Application,1
Form,1
himade,1
meanwhile,1
workings,1
whilst,2
video,2
Store,1
dudes,1
query,1
bloody,4
uncle,1
Ywlc,1
hubcredit,1
Subscribe,2
Drive,2
SAFE,2
Warranty,3
IMPERSONAL,1
LEDGERS,1
Deposit,1
Limit,1
Visiting,1
Nearest,1
South,1
proced,1
receivers,2
dayPlease,1
UNIBEN,1
side,6
revolt,1
ppl,4
jibe,1
chargesms,1
unionbank,1
tod,1
exceed,2
Kin,1
IKR,1
uselsess,1
seenHow,1
dented,1
Olaoluwa,1
Victor,1
Adekunleacct,1
noBvn,1
noPOS,1
desc,1
Owolabi,1
James,1
tiers,1
wor,1
MADE,1
PAYMENT,1
REMITA,1
WAS,1
DEBITED,1
ASSIST,1
ME,2
dorm,1
dire,1
SANGOTEDO,1
Awoyaya,1
Epe,1
resort,1
restored,1
payis,1
Prepaid,1
specified,1
HEEEEEEELLLPPPPPPPPP,1
PLS,2
schedule,1
Kawo,1
freak,1
Ki,1
bankplease,1
BikoMbok,1
undastand,2
RESTRICT,1
Pin,2
digitsI,1
recording,2
conversation,4
globe,1
shortly,1
dismay,2
mate,1
Cnt,1
bankArea,1
shey,1
drain,1
Ve,2
Subscr,1
gtworld,1
moneyY,1
he's,4
shakes,1
touches,1
general,1
thrash,1
alausa,2
afte,2
flaky,1
connections,1
consid,1
temporary,2
wron,1
intraBank,1
prefer,1
bouquet,1
reverting,1
buyer,1
product,2
alerting,1
necessarily,1
allows,2
awarenesses,1
GTrescue,1
kwanyes,1
USSDs,1
shop,4
faster,2
limits,1
risky,1
disaster,2
interna,1
prizes,1
Bt,1
guaranteed,1
Teju,2
death,3
clara,1
cancellation,2
purnish,1
turmoil,1
flat,1
They'l,1
unbearablewhy,1
spoilin,1
Stil,1
thou,1
TeebillzMonitor,1
Control,1
Demobilize,1
Listen,1
informati,1
OPT,1
OUT,1
cousin,3
unserious,1
irritating,1
acr,1
Ofcos,1
sumtin,1
Segun,1
Fash,1
attentionPLEASE,2
IT'S,2
LIFE,2
DEATH,2
SITUATION,2
Pele,1
plent,1
tranz,1
sca,1
Before,3
conclusion,2
rechargeI,2
Validation,2
wro,3
personnel,3
Fatunmbi,3
oluwadamilare,3
adebayo,3
foisted,1
cardtill,1
haven',1
towers,2
literally,2
Th,2
obtaining,1
HelloI,1
liquidate,2
bcome,1
EndBankingFraud,5
insisted,4
diaper,1
hub,1
abusing,2
unrelated,2
toogig,1
verryyy,1
bugs,1
Apo,1
Kun,1
cinya,1
mun,1
dubu,1
daya,1
kunyi,1
kuumAllah,1
ze,1
saka,1
munMutanen,1
banza,1
kawai,1
faraw,1
monetary,1
Arguement,1
deactivatedand,1
MWALLET,2
obviously,1
CNN,1
thatusually,1
bo,1
bitter,2
discomfort,1
Initially,1
AMC,1
income,1
hopefully,1
motivation,1
computers,1
programming,1
eel,1
dedutios,1
rom,1
aout,1
tat,1
ueessa,1
accountable,1
Balan,1
indemnity,4
froze,1
deliberate,2
sld,2
Local,1
lag,2
Asaba,11
AJah,1
desert,1
extorting,1
Highest,2
Ever,1
kfb,1
let's,4
inscrip,1
baseless,1
materials,3
somay,1
atmI've,1
holdsteal,2
remembered,2
vividly,1
Tolu,1
ear,4
cydm,3
cows,2
datNa,2
Flash,2
employe,1
irk,1
emotion,1
mum's,3
stressing,3
colle,1
Others,1
Haa,1
Nkan,1
argue,1
Meeeee,1
Truth,2
tick,1
Ehhh,2
kshebi,2
expectations,1
PHCN,1
aboutthe,1
bigger,1
Maddof,1
Ponzi,1
tuk,1
witout,1
valid,2
clarifications,1
perpetu,1
CSR,1
supervisor,1
belonging,1
transferThat's,1
deactivation,1
outnow,1
wr,1
offering,1
responsibility,2
Insist,1
legendary,1
evil,1
traumatizes,1
intern,1
Boycott,1
cleaning,1
betterAccount,1
direc,1
design,1
witnessed,1
consecutive,1
deactivating,1
culprit,2
imme,1
suppo,1
surcharging,1
unfollowed,1
uncourt,1
comment,1
akant,3
akantBro,2
Ooh,1
kidneying,1
qualitythe,1
vo,1
liar,2
plates,1
spill,1
nylon,1
metres,1
induce,1
Bail,1
Force,1
shall,1
American,1
language,3
avoid,3
stooopid,1
checkmate,1
cries,1
Liberia,1
Aggravated,1
Assault,1
provid,1
refus,1
manage,1
festive,1
wis,2
ploy,1
againI,2
youThe,1
Uber,2
denominated,2
Nigera,2
meat,1
pot,1
gtbsaid,1
Interbank,1
they'd,1
thir,1
heartless,1
TrueI,1
Kebbi,1
Hahaha,1
choke,1
ham,1
delist,1
dealing,1
joint,1
'there,1
mandate',2
'their,1
doc,1
pleaseI,1
endure,2
Pleasedo,1
mandate,1
eithe,1
Blood,1
Nebuchadnezzar,1
Daylight,2
NIP,4
recovery,1
Commission,3
wonderful,1
Operations,1
upsetting,1
chats,1
acting,3
ignorant,1
offensive,1
stomach,3
acheI,1
ki,1
nuh,1
moneyNxt,1
mans,1
legalised,1
Affairs,1
Outrageous,1
SwearDiamond,1
EVILI,2
withdrawI,2
inter,1
chargers,2
Identity,1
Ago,1
palace,1
sincere,1
Doesn't,2
pr,2
iThink,1
iWas,1
Respect,1
storirs,1
Ole,1
noticing,1
Vat,3
oda,1
afta,1
oga,1
patapata,1
Actually,3
thus,1
Shit,1
warming,1
Especially,1
transactionreversal,1
ryt,2
shopify,1
wow,2
Cuz,1
Commision,1
resolves,2
entir,2
puts,3
earliest,2
Quickteller,2
suit,2
Repeatedly,1
sums,1
ohhh,2
manual,1
qu,2
SOS,3
voice,2
subscriptions,2
primarily,1
brothers,1
kuayet,1
Au,2
Lets,1
multipl,1
max,1
intentional,1
discourage,1
ebanking,1
Careless,1
salaries,2
cheap,1
jams,1
onceIT,1
LIEAnd,1
SCAMSo,1
brach,1
CBD,1
mosque,1
Awolowo,3
Sends,1
thieving,1
assessment,1
EndBankFraud,1
Lolz,1
rogues,1
corresponding,1
dec,1
kn,1
hurriedly,1
retweetStop,1
Self,1
logs,1
txn,1
fun,1
Shagamu,1
FX,1
Ikorodu,3
Wit,1
yesterdayIf,1
Sterlin,1
Lolit's,1
Por,2
GBT,1
deliv,1
agencies,1
pseud,1
Telcos,1
unlocked,1
nowWe,2
HaThis,1
oToday,1
todayReformjaBanks,1
neva,2
awhile,2
cheaper,1
Per,1
unbelievableThey,1
broEven,1
Single,1
attract,1
nrWireWireFraud,1
hubby,1
takenI've,1
Sanc,1
destiny,1
Nawaoh,1
BIG,1
Restriction,1
provi,1
Fraudulent,1
attra,1
ATMcard,1
concurI,1
fm,1
accountonly,1
AF,2
ensured,1
chief,1
ATMautomatic,1
closer,2
kiss,1
goodbye,1
ogbomoso,1
fridays,1
nutshell,2
FUN,1
galore,1
SociaLigaMD,1
tickets,1
closes,1
Meter,1
toke,1
resolvingmine,2
swallows,1
weather,1
tremor,1
rocking,1
environsNEMA,1
geologists,1
Tokunbo,1
tremors,1
affect,1
Were,1
helluva,1
charMe,1
height,2
Illicit,1
monthNo,1
backEndBankFraud,1
Left,1
brained,1
ported,1
cringe,1
everThese,1
alertIt',1
ekiti,1
nytI,1
might've,1
Lmaoo,1
effrontery,1
'not,1
behind',1
dreams,2
displeased,1
virtual,2
pound,2
BabesSorry,1
objectiv,1
parents,1
Exactly,1
naked,1
roadPeople,1
qualify,2
classes,2
comman,1
BeneficiaryNEED,1
banson,1
rainin,1
wayo,1
longest,1
begged,1
section,4
failures,3
stored,1
broI,2
loo,1
monthVery,2
progress,2
DOCTOR,1
OLUFUNMILAYO,1
WROTE,1
'I,1
lived,1
chattin,1
Alausa,1
Sec,1
IkejaCustomers,1
ELECTRIC,1
SHOCKwhen,1
DISPENSION,1
Augthand,1
mailPl,1
EndNigeriaBankCharges,1
fraudcharge,1
Debt,1
Mtce,1
feescharge,1
withdrawcharge,1
GOtv,1
technical,1
ikroodu,1
belt,1
chain,1
glasses,1
strongly,1
trades,1
extremely,2
complaintsI,2
converting,1
chargerextensionphone,1
jare,1
reactivating,1
hts,1
nitor,1
msgs,2
broken,1
foe,1
attendant,1
askedplease,1
respondthank,1
bankingwhat's,1
Salary,1
Advance,1
allowances,1
heading,1
responsive,1
wicked,1
despense,1
hoursNot,1
throughAnd,1
outlet,1
Loaded,1
FridayMoney,1
deducing,1
tagging,1
fictitious,1
chargesRevert,1
linking,1
PayP,1
dri,1
loosing,1
distance,2
nasarawa,1
thereafter,1
crookedly,1
eBranch,2
Righthand,1
updateupgrade,1
Tier,1
states,1
published,1
adeola,2
odekun,1
Lgaos,1
surprising,1
fight,2
alertsThey,1
reversedalmost,1
Wat,2
der,1
usingam,1
beca,1
Gtbankonline,1
Asero,1
Theres,2
World,2
whatsoever,2
Soooo,1
mates,1
sufficient,1
Medicine,1
contacting,1
restructuring,1
Otherwise,2
finish,2
Directors,1
Managers,1
Mad,1
Haphazardly,1
serial,1
handwritten,1
reject,1
Kashim,1
Benjamin,1
Sahara,1
KB,1
servants,2
REF,1
XWJDYA,1
AcctDT,1
PMSTAMP,1
DUTY,2
CHARGEDR,1
AmtNGNREF,1
sometimesit,1
dissapointinghow,1
hereWhy,1
SMSes,1
reversedwhy,1
peoplededucting,1
ReformNigerianBanks,1
ReformGTBank,1
Dom,1
Attend,1
domain,1
que,1
kid,2
intersw,1
giv,1
reserve,1
Game,1
Kia,2
upon,1
fixI,1
Inca,1
position,1
systemic,1
encountering,1
Ifeanyi,1
definition,1
desperately,2
Chaii,1
i'll,1
recha,1
Seven,1
hells,1
dtx,1
hppnjaz,1
tnk,1
debitcredit,1
Nw,1
David,1
segun,1
olorunjuwon,1
relocated,1
Body,1
pulp,1
Turning,1
decen,1
ruckus,1
shitsomeone,1
Nooooo,1
nowIm,1
customers',1
Reach,1
SLA,1
elapse,1
airtim,1
veiw,1
bankhoe,1
exitjust,1
habitually,1
fakecurrency,2
Idimu,1
mgr,1
Investigate,2
Rogue,1
victims,1
stuffed,1
righthand,1
Mgr,1
turns,1
openly,1
embarrassed,1
brother's,1
appWe,1
'login,1
credentials,1
acount,1
drawer,1
toilet,1
latelyMy,1
IBRAHIM,1
USMAN,1
OLASUNKANMIAccount,1
opene,4
Recovery,2
transferd,1
balanceit's,1
vexing,1
Item,1
sirmacan,1
sp,1
Beloved,1
COMM,1
onlineNotify,1
sanctioned,1
core,1
gtwold,1
Padi,1
midon't,1
fulfilled,1
dmTnx,1
xBcos,1
Kid,1
Alagomeji,1
Town,1
codewhat,1
Microsoft,2
ugently,1
SmartKid,1
daughter,1
noise,2
Gd,1
mng,1
dormancy,1
PURCHASE,1
DAILY,1
LIMIT,1
EXCEEDED,1
Pending,1
existwhen,1
sisters,1
cod,2
betija,1
resol,1
Likewise,1
Infact,2
thisI,1
Fridayhe,1
paycode,1
gtbak,1
NEED,1
COPY,1
reinstall,1
transactionThe,1
deserves,1
helpI,1
yabaacc,1
Nwogu,1
johnpls,1
kacc,1
Claim,1
phc,1
we've,1
OBO,1
Inefficiency,1
sluggan,1
fillin,1
unverified,1
accountAm,1
transferthen,1
CommVAT,1
CommVat,1
forafter,1
transferMy,1
withdrawer,1
transactn,1
reconsider,1
ditching,1
sorts,2
nev,1
blank,1
kidding,2
Carting,1
neg,1
peanut,1
Dunno,1
Fucking,1
assholes,1
ketukosofe,1
MMF,2
crimeReformjaBanks,1
prob,1
revart,2
kain,1
Salah,1
Mane,1
f^,1
sht,1
AFC,1
hence,1
nite,1
resupplied,1
Updates,1
colleagues,1
track,2
ure,1
customerd,1
surprised,2
consent,1
Alibaba,1
Com,2
ga,1
reversa,1
affected,1
sales,1
RECOVERY,1
explained,1
tech,1
era,1
als,1
koleosho,1
idris,1
olusola,1
AugustI,1
systemwise,1
canYou,1
notif,1
Suddenly,1
Invalid,2
baxi,1
Capricorn,1
originator,1
anyway,3
reduces,1
interes,1
Those,2
assessing,1
browser,1
compatible,3
eyesore,1
authentic,1
initially,3
ANNUAL,1
Julyaugust,1
afterCc,1
forthe,1
custom,2
rob,1
uncredited,1
Adams,1
Bright,1
disco,1
rev,1
record,1
Zaria,1
Agbmasha,1
bc,1
Charging,1
Concerning,1
en,1
hearing,2
timeI,1
seethat,1
basically,2
gain,2
gladly,1
yanked,1
mental,1
brazenly,1
nearby,1
cutting,1
Shouldn't,1
aim,1
authorize,2
Skillshare,1
v,1
POSit,1
twince,1
Nu,1
Odekun,2
Vitoria,1
Island,2
victoria,1
instan,1
suspence,1
Yo,1
etop,2
AUN,1
Yola,1
men,1
tight,1
schedules,1
plzhave,1
Needed,1
Rinsayo,1
Abesan,1
estate,1
guard,1
miserable,1
inconsistent,1
Office,2
Plzhelp,1
unto,1
boiling,1
beneficiary's,3
banksabeg,1
guysIf,1
noe,2
banned,1
sender,1
Skye,6
approve,1
severity,1
complaintsthis,1
probating,1
approval,1
radio,1
shedding,1
wickedness,1
plc,2
dumbest,2
pLs,1
MMI,1
hey,2
skybank,1
needing,1
Bec,1
bf,1
asshole's,1
throughout,1
casual,1
Ask,1
skye,4
dedited,1
bankayobo,1
fior,1
metks,1
lunch,2
endskyebankfrustration,1
campa,1
Yesterday's,1
climax,1
IPPI,1
closure,1
networkhave,1
SkyeMobile,1
ain,1
unabl,1
pinned,1
SkyeBank,2
wishing,1
wackedOne,1
repaonse,1
destinatn,1
availab,1
Won't,1
cease,1
chart,1
beneficiarys,1
mainwhile,1
skyebank,1
technology,1
Using,2
networkWe,1
unbecoming,2
Accord,1
appli,1
assistant,2
uses,1
trail,1
cycle,1
dashed,1
badly,1
seei,2
doopening,1
everyth,1
ive,3
GRA,2
IKEJA,1
urg,3
begin,1
'sWifey,1
bran,1
ejigbo,1
egbeda,1
Skyemobile,1
timesstill,1
drawing,1
workingit,1
FAKE,1
fustrating,1
ineffective,1
Ayangbure,1
rdmain,1
tittle,1
instrument,2
discharge,2
Certain,1
uprade,1
Utility,1
bil,1
dissappointed,1
exceee,1
reactive,1
simp,1
salaryhe,1
restricte,1
Reset,1
'Cause,1
finePlease,1
SkyeXperience,1
wearing,1
responseWhat's,1
Ikeja,1
Tariff,1
Mind,1
thereabout,1
Whoever,1
reads,1
centr,1
skyemobile,1
Skyebank,1
Host,1
blood,1
convenant,1
poorest,1
thruWhats,1
numberfemisamuelcomThank,1
overhauling,2
During,2
Earth,2
freeze,2
servant,2
emmergency,2
understandable,1
Secondly,1
dmBastard,1
daymy,1
Purchase,1
discussion,2
signing,2
Tough,1
UMobile,1
appSo,1
unauthorised,2
politicians,2
promising,1
uhmm,1
maintainJust,1
kobos,1
useful,1
custome,2
inwhich,1
mak,1
backward,1
mentaining,1
emailmoni,2
untrained,2
wednesday,1
Uba,4
rang,1
beeing,1
agency,1
Based,1
urama,1
Kingsley,1
others,1
kolapo,1
Daniel,1
relationshipYou,1
malt,1
durning,1
deposite,1
serviceIt's,2
surprisingl,1
thisThis,1
repute,1
ubacares,2
dayIve,1
littl,2
umobile,1
Hahahhahahahha,1
Shelst,1
somehow,1
lazy,2
Call,1
passion,1
airtimeand,2
Virginia,2
payme,1
Sierra,2
Leone,1
devices,4
cramming,1
button,2
icons,1
clustered,1
display,2
Making,2
fourth,2
Uninstalled,2
Cameroon,1
toilets,1
Senegal,2
wrongs,1
moneyI,1
fulfillment,1
Hot,1
OAUawardsMost,1
Friendly,1
Amphitheater_XperienceMrandMissFresherOauAMMFOauAwardsAmphiAugHotinc,1
catastrophic,1
unscrupulous,1
chargesPlease,1
scamI,1
pab,1
disgusts,2
Ahswearugud,1
community,1
operation,2
everyday,1
imm,1
Water,1
informing,1
Henny,1
undo,1
Happening,1
briefing,1
curre,1
sachet,1
popularly,1
Hall,1
Ijora,1
Buy,1
Wallnut,1
seriousYou,1
Nothingjust,1
Eleko,1
Thursdays,1
rename,1
glitch,1
translate,1
downgrade,1
Wuse,1
LolExactly,1
youThey,1
interestStupid,1
Ikwerre,1
'ewie'I,1
Itsekiri,1
resources,1
controlled,1
sold,1
mow,1
cl,1
halls,2
nibssplc,1
ebills,1
led,1
MYEC,1
justify,1
ffs,1
outsource,1
abject,1
infrastructural,1
roads,1
choked,1
united,1
marketers,1
panseke,1
branc,1
earphone,1
kudi,1
hausa,1
Africash,1
DJ,2
Jimmy,1
Jatt,1
Premier,1
havnt,1
drums,1
eaten,3
bacteria,2
FactDats,1
Oboina,1
accountThe,1
control,1
furstrate,1
eh,4
ego,1
nwa,1
afor,1
Tickets,1
Rubs,1
Owo,1
Yoruba,1
Eho,1
AKOKOONDO,1
STATE,1
Firstly,1
UI,1
retype,1
Shaghal,1
mwaghavul,1
tribe,1
plateau,1
swallowing,2
magic,1
green,1
tree,7
tgr,1
hill,1
pine,2
cardsall,1
monthmoreover,2
maint,1
Missing,1
shape,1
snow,1
shadow,1
image,1
church,1
lottery,1
confession,1
syndicate,1
SIMs,1
hack,1
digit,1
Garri,2
Carry's,1
urgentI,1
lion,4
Lion,29
competition,1
hundreds,1
style,1
korea,1
doom,1
jingles,1
offheart,1
JOB,1
UbaApp,1
bery,1
thoughtful,1
Leo,3
desappearance,1
Togo,3
Mali,2
wetyn,1
Egypt,1
chimpanzee,1
decorate,1
notificat,1
United,1
IMSU,1
POSTUME,1
canndidates,1
white,1
surface,1
heartwrenching,1
consi,1
dev,1
upload,1
Num,2
Soaked,1
garri,1
Relying,1
temptation,1
unless,2
employ,1
undergo,1
harder,2
softly,1
revive,1
Window's,1
smallif,1
coman,1
suspend,1
sombori,1
THROAT,1
DOING,1
SOMEHOW,1
Wah,1
Yamns,1
Beans,1
beta,1
colossal,1
rocket,1
science,1
Mokwa,1
surrounding,1
villagesThe,1
Wich,1
Crappy,1
possibly,1
shaming,1
Common,1
bants,1
Eyes,1
youYesterday,1
impression,1
UnitedBankforAfrica,1
Read,1
windows,1
ease,1
individuals,1
Windows,1
snooze,1
expiring,1
Anthony,1
Tuale,1
Lionwhere's,1
fish,6
Loin,1
thumbprint,1
face,3
verification,1
messenger,1
Fish,1
root,1
trudt,1
Ellis,1
Nzo,1
Asu,1
pensioner,1
Yabatech,2
attentionWe,1
electrocuted,1
shocks,1
students,2
BBNaija,1
MBGACalabar,1
Govt,1
trusting,1
mechanics,1
Disappointed,1
fills,1
Garbage,1
smells,1
gurantees,1
Rusoko,1
delivers,1
withthank,1
resolvereverse,1
partI,1
stat,1
odeku,1
IHow,1
Doing,1
assignment,1
exhaustedI,1
Immediate,1
niyee,1
madt,1
moble,1
ubnexpress,1
debitedbut,1
ona,1
hereIt's,1
techsavvy,1
rear,1
youit,1
CampusWritingChallenge,1
undergraduates,1
sabo,1
Hanty,1
wee,1
Unions,1
blue,1
Yessssssss,1
excluded,1
mere,1
fantasy,1
Mailbox,8
build,2
homeSet,1
installme,1
ceaseless,1
disruptions,1
interruption,1
I'h,1
Buh,1
proposed,1
adopted,1
ethic,1
obnoxious,1
aimed,1
periodically,1
mainte,1
TuesdayTrivia,2
UnionBankYourSimplerSmarterBank,2
Aswear,1
burying,1
Karim,1
lami,1
grammarlay,1
Shey,1
debtor,1
WITHHOLDING,1
TAX,1
UNI,1
attest,1
kingofbankscams,1
Kept,1
whe,1
Sola,1
Uk,1
resi,1
outletI,1
storyline,1
workingAnd,1
ce,1
AugustAnd,1
Goin,1
dictionary,1
kidney,1
ketu,1
dispen,1
Spider,2
Annoying,1
AntMan,1
Wasp,1
ant,1
hug,1
Ant,2
customercare,1
Waiting,1
ALAT,2
replacing,1
Wemamobile,1
Orientation,1
Camp,1
Asaya,1
Kogi,1
harassing,1
WEMAI,1
owo,1
Ondo,1
laughed,1
scorn,1
'rainy,1
IfIhadknown,1
TRANCACTION,1
accumulated,1
thunder,1
ah,1
press,1
Thread,1
himSir,1
Guysss,1
everrr,1
Yesoooooooo,1
Alat,2
Work,5
lmaooo,1
vacation,1
Bankpls,1
Tf,1
workingAlat,1
daySo,1
WEMA,1
CODE,1
failedWHY,1
annoyed,1
dea,1
bringing,1
genera,1
stolencan,1
workNavigateWithIdy,2
consumes,1
livesNavigateWithIdy,1
smsEdakun,1
Anything,1
traineeQualification,1
Degree,1
grade,1
Class,1
Upper,1
Divisio,1
shelter,2
transformed,2
advertisements,2
backthey,1
stolenI,1
approached,1
strange,1
demeaning,1
agodi,1
ibadanI,1
Landmark,1
university,1
Pilot,12
kids,1
comfort,1
Costomer,1
debated,1
PILOT,1
pilot,1
baba,1
Pilotand,1
heightsissokay,1
kontinu,1
blog,1
Paramedic,1
Pilotonce,1
dreamed,1
reality,1
struck,1
Reporter,1
Ijaiye,1
Ojokoro,1
intoo,1
IJAIYE,1
wkend,1
crowd,1
Gov,1
fri,1
sod's,1
BoG,1
supplier,1
greetings,1
toat,1
heartening,1
largesse,1
transform,1
Pick,1
restrictions,2
hurry,1
cop,1
DoyouKnow,5
UP,1
erroes,1
Dispute,1
accountYou,1
interval,1
arm,1
betjam,1
provident,1
upgrades,3
QWERTY,4
designed,1
BNsc,1
kano,1
I'dCard,1
Itz,1
'cards,1
cheques',1
menu,1
NNew,1
poll,1
stage,1
clock,1
Eight,1
ultimatum,1
Srnd,1
Ojota,1
tellers,1
Qwerty,4
coveniently,1
ios,1
Ejigbo,1
Oshodi,1
airtimeMy,1
according,1
Introduces,1
Robbers,1
Attack,1
Cart,1
Away,1
Property,1
Hiss,1
friendwh,1
SARS,1
registrations,1
youth,1
Wen,1
costly,1
confirming,1
incoming,1
Specialist,1
Championship,1
Orlando,1
sponsored,1
trusted,1
Refused,1
Havent,1
okpanam,1
maintainable,1
feeplease,1
wifes,1
revise,1
chioma,1
rough,1
failedWhat's,1
epilectic,1
todayNone,1
ano,1
anger,1
eazyclassic,1
francis,1
okorieI,1
Seriouslylike,1
HOP,1
intervened,1
policeman,1
F,1
Oshogbo,1
osunstate,1
popped,1
Etisaslat,1
Family,1
ting,1
wayyyy,1
Eko,1
procrastinating,1
modalities,1
queues,1
Patigi,1
Kwara,1
withZenith,1
geez,1
Wyd,1
developers,1
production,1
breaking,1
Caster,9
semenya,2
Semenya,8
operator,1
caster,1
ChampionsOnTheNiger,2
endlessly,1
alertz,1
barbaric,1
dayKindly,1
comprised,1
Back,1
subpar,1
serviceNo,1
Yay,1
murielle,1
pulled,1
injury,1
interswitch,1
numbercan,1
Julius,36
Yego,26
irritate,1
steady,1
mk,1
standby,1
greater,1
somina,1
Doyouknow,1
tonuse,1
Ahoure,1
clocks,1
Dutse,1
alhaji,1
encouraging,1
yego,10
nicer,1
hella,1
ugly,1
ugliness,1
Leave,2
dude,1
shoppingtransfersbill,1
fink,1
kindy,1
TweetedYou,1
AM,2
YegoChampionsontheNiger,1
ChampoinsOnTheNigerAsaba,1
negligence,2
julius,1
inflow,1
STAMP,1
scattered,1
apparent,1
resetting,1
Victoria,1
Receivedthanksbut,1
acctThan,1
j,3
doesn,1
perfectly,1
FastestFingersFriday,1
zenithkwerty,1
Mokgadi,1
wnt,1
Habba,1
unity,1
somthing,1
finds,1
ACCESSBANK,1
mea,1
celebrate,1
Prof,1
Miss,1
Rita,1
Orji,1
Professor,1
Computer,1
Science,1
Dalhousie,1
Faith,1
laughing,1
ehh,1
Maka,1
gini,1
unblocked,1
seca,1
enlarge,1
Dat,1
How's,1
yooouuu,1
Definitely,1
jobs,1
rudeness,1
ou,1
counters,1
necks,1
scumsI,1
Bankwars,1
acted,1
Maturity,1
swag,1
jeez,1
GetMechanic,1
Vehicle's,1
weekwhat,1
unwarra,1
replica,1
govt,1
measures,1
brin,1
robot,1
friendship,1
decent,1
fresh,4
daysWould,3
killer,4
marinade,4
merge,1
Scan,1
PortharcourtAba,1
Coask,1
fewdaysWould,1
limitThe,1
NIGERIA,1
MOST,1
SICK,2
WORLD,1
MORE,1
TERMINALLY,1
THAT,1
SHE,1
COULD,1
DEVELOPE,1
NATIONAL,1
gradually,1
exporting,1
doctors,1
detriment,1
brains,1
childhood,1
Custom,1
install,1
Sim,2
CBT,1
invited,1
interview,1
bruv,1
plug,1
merchantso,1
Dope,1
Everything,1
Evil,1
realest,1
loving,1
putme,1
Ordinary,1
Noooooo,1
inhokiiOPlmoppppvvjniw,1
mjuj,1
Kobby,1
countl,1
Sch,1
uniform,1
nepawater,1
Changed,1
Rejected,1
Such,1
swing,1
ACC,1
USING,1
BANKING,1
civic,1
Release,1
meYet,1
noth,1
tooI,1
