[word],[frequency]
account,1026
dm,974
bank,725
kindly,680
tweet,508
handle,506
good,498
noticed,468
main,467
concerned,456
pls,450
check,448
talking,444
guys,356
money,322
morning,300
number,262
people,247
reply,245
send,242
im,230
airtime,221
response,221
app,218
follow,214
customer,211
sms,199
alert,192
dont,192
mobile,190
recharge,184
card,183
message,181
banking,180
time,180
debited,174
ur,173
naira,155
day,153
details,147
complaint,146
banks,145
branch,140
service,138
line,138
transaction,137
world,135
diamond,131
dear,127
waiting,126
open,124
email,124
issue,123
pay,122
days,122
business,118
respond,118
today,117
transfer,116
customers,113
charge,111
ive,111
lol,110
yesterday,104
deducted,104
tree,100
code,96
call,96
love,95
balance,95
na,95
online,94
gtb,92
god,87
whats,86
kind,86
give,85
care,83
una,83
credit,82
month,82
answer,79
nigeria,79
happy,78
complain,77
recharged,76
atm,76
evening,75
free,74
problem,74
uba,72
start,71
gtbank,71
nice,71
join,71
long,71
minutes,71
assist,69
sir,69
experience,69
work,68
acct,68
statement,68
request,68
provide,68
youre,67
platform,67
phone,67
savings,66
link,66
issues,65
great,65
received,64
august,64
top,63
receive,62
hope,62
id,62
kindl,62
ussd,61
register,61
charges,61
mtn,61
dey,60
stop,60
feedback,60
interest,59
cbn,58
debit,57
ki,57
successful,56
alerts,56
whatsapp,56
direct,56
ooo,55
blessing,55
date,54
sending,54
week,54
resolved,54
big,53
update,53
services,53
amount,53
firstbank,53
nigerian,52
unilag,52
refund,51
afternoon,51
van,51
confirm,50
bvn,50
recharging,50
asap,49
team,49
didnt,49
niekerk,49
twitter,48
resolve,48
credited,48
times,48
true,47
bro,47
reformjabanks,47
zenith,47
kin,47
okagbare,47
staff,46
buy,46
cash,46
birthday,46
youfirst,46
person,45
win,45
quick,44
months,44
silver,44
payment,43
attend,43
form,43
ill,43
st,43
challenge,43
reversed,43
working,43
wayde,43
reversal,42
support,42
hours,42
explain,41
asked,41
entrepreneur,41
lamp,40
fire,40
chairman,40
network,39
life,39
lets,39
chat,39
called,38
friday,38
lagos,38
question,38
leo,38
fbn,38
transactions,37
contact,37
rate,37
wait,36
bought,36
abeg,36
financial,36
pos,36
student,36
change,36
dms,36
messages,36
lot,35
state,35
hey,35
access,35
million,35
cool,35
mail,35
making,35
de,35
year,34
havent,34
tag,34
imagine,34
told,34
master,34
tomorrow,34
reverse,33
giving,33
opened,33
show,33
talk,33
small,33
david,33
owo,33
case,32
revert,32
guy,32
bring,32
put,32
hawk,32
fidelity,32
night,32
note,31
live,31
deduct,31
yo,31
deductions,31
telling,31
july,31
read,31
alright,31
information,31
coming,31
complaints,31
urgent,30
yall,30
real,30
assistance,30
attention,30
dormant,30
ego,30
don,29
brand,29
youll,29
wrong,29
lmao,29
office,29
charged,29
treat,29
pm,29
wont,29
asaba,29
data,28
deducting,28
understand,28
rt,28
training,28
weeks,28
pick,28
play,28
cc,28
dstv,28
trust,28
current,28
finally,28
requested,28
opt,28
rudisha,28
complained,27
security,27
years,27
africa,27
registration,27
find,27
watch,27
prompt,27
acc,27
september,27
friend,27
option,27
swift,27
fcmb,27
idea,26
mind,26
digital,26
apologize,26
opening,26
branches,26
funds,26
visit,26
started,26
friends,26
video,26
personal,26
simple,26
cydm,26
gorilla,26
ni,25
easy,25
receiving,25
reason,25
bless,25
sha,25
advice,25
countries,25
takes,25
sincerely,25
man,25
refer,25
ada,25
market,25
deduction,24
rectify,24
oo,24
part,24
reach,24
wasnt,24
awesome,24
limit,24
event,24
fix,24
glo,24
purchase,24
enter,24
lion,24
school,23
ngn,23
job,23
calling,23
means,23
abi,23
token,23
bills,23
return,23
social,23
address,23
run,23
full,23
xplorefirst,23
hrs,22
funny,22
point,22
future,22
paid,22
dis,22
weekend,22
enable,22
country,22
process,22
advert,22
african,22
deposit,22
explanation,22
replied,22
sunday,22
sort,22
skye,22
head,21
baba,21
wow,21
failed,21
matter,21
salary,21
responding,21
bankwars,21
sterling,21
fo,21
accounts,21
car,21
subscribe,21
transfers,21
championsontheniger,21
plz,20
mastercard,20
rug,20
brain,20
order,20
earlier,20
yeah,20
forget,20
activate,20
set,20
rest,20
bros,20
crediting,20
thieves,20
ready,20
inbox,20
popular,20
instagram,20
review,20
mydreamville,20
coolteens,20
report,20
campus,20
emails,19
internet,19
system,19
isnt,19
website,19
raised,19
text,19
saturday,19
enjoy,19
continue,19
ha,19
fine,19
checking,19
brother,19
difference,19
hall,19
expecting,19
gave,19
party,19
tired,19
campusstorm,19
firstmobile,19
family,19
group,18
gt,18
place,18
interested,18
design,18
fish,18
agent,18
buying,18
share,18
act,18
boss,18
awaiting,18
republic,18
error,18
union,18
active,18
chance,18
deactivate,18
attended,18
safe,18
facebook,18
ecobank,18
retweeted,18
ad,18
smeconnect,18
public,17
correct,17
award,17
institution,17
fund,17
hear,17
won,17
picture,17
learn,17
media,17
game,17
mails,17
sept,17
tweeted,17
empathize,17
pin,17
info,17
teminunilag,17
se,17
purchased,16
lady,16
meet,16
solution,16
sign,16
fill,16
loan,16
private,16
exchange,16
solve,16
young,16
monthly,16
showing,16
amazing,16
happening,16
arent,16
borrow,16
mo,16
proud,16
maximum,16
music,16
add,16
simply,16
creative,16
oooo,16
informed,16
doesnt,16
saving,16
nigerians,16
gwarinpa,16
glad,16
cards,16
checked,16
fun,16
innovation,16
students,16
page,16
fraudulent,16
monday,16
youve,16
gotv,16
plan,16
coffee,16
benin,16
vote,16
shaku,16
paying,15
close,15
left,15
nonsense,15
session,15
enquiry,15
save,15
create,15
book,15
advise,15
action,15
step,15
registered,15
reflect,15
vtu,15
endbankingfraud,15
complaining,15
dollar,15
ai,15
decided,15
visa,15
user,15
anytime,15
extra,15
attached,15
story,15
clear,15
cos,15
wears,15
national,14
resolution,14
meeting,14
sector,14
born,14
writing,14
thousand,14
marketing,14
important,14
transferred,14
word,14
mins,14
clarify,14
program,14
based,14
responded,14
series,14
list,14
summer,14
thinking,14
needful,14
minimum,14
dem,14
price,14
corporate,14
kenya,14
claim,14
sell,14
light,14
xxxx,14
smeconnectseries,14
murielle,14
special,13
space,13
initiative,13
heard,13
minute,13
bread,13
promise,13
latest,13
written,13
requirements,13
oya,13
bet,13
calm,13
tnx,13
instant,13
policy,13
download,13
involved,13
ca,13
level,13
improve,13
hold,13
road,13
thread,13
bad,13
acco,13
house,13
remember,13
subscription,13
entrepreneurs,13
june,13
thought,13
normal,13
worth,13
building,13
stealing,13
calls,13
official,13
expect,13
risk,13
icon,13
ti,13
build,13
scam,13
sep,13
numbers,13
water,13
kudi,13
segun,12
herbert,12
annoying,12
rep,12
deserve,12
em,12
query,12
operational,12
university,12
clean,12
agree,12
fact,12
news,12
feel,12
fee,12
conference,12
refused,12
hard,12
charging,12
invest,12
moment,12
patience,12
conversation,12
inconvenience,12
letter,12
theyll,12
verify,12
contacted,12
tweets,12
debits,12
highly,12
home,12
shares,12
profit,12
sandboxjuly,12
stuff,12
connect,12
heres,12
referral,12
md,12
move,12
biko,12
power,12
listen,12
iban,12
ibukun,12
awosika,12
igho,12
map,12
financialdiscipline,12
wit,11
reliable,11
amen,11
skills,11
words,11
duty,11
high,11
tuesday,11
msg,11
earner,11
beautiful,11
stress,11
reward,11
oga,11
yeye,11
kudos,11
created,11
reference,11
hour,11
nah,11
filled,11
wonderful,11
food,11
wed,11
board,11
contacting,11
screenshot,11
requesting,11
table,11
pass,11
deal,11
speak,11
jesus,11
lodge,11
carry,11
turn,11
sme,11
priority,11
nk,11
colourblastnigeria,11
colorblast,11
colourblast,11
colouroffriendship,11
points,11
daily,11
moon,11
increase,11
fast,11
le,11
global,11
la,11
winners,11
lemme,11
retweet,11
replying,11
control,11
spend,11
madam,11
hv,11
choose,11
innovative,11
storm,11
hmmmm,11
simplechangebigimpact,11
agbaje,10
wigwe,10
sender,10
reminder,10
result,10
drive,10
stand,10
women,10
mode,10
face,10
experienced,10
hand,10
partnership,10
ah,10
ba,10
running,10
admin,10
applied,10
dat,10
partnering,10
csr,10
health,10
application,10
counting,10
regret,10
congratulations,10
bruh,10
institutions,10
notifications,10
sum,10
community,10
reaching,10
couple,10
launches,10
mention,10
write,10
enugu,10
fellow,10
fro,10
click,10
machine,10
folks,10
esusu,10
kfb,10
thursday,10
notification,10
post,10
bullion,10
vans,10
salecall,10
ref,10
notice,10
smes,10
partners,10
sake,10
ge,10
seconds,10
uncle,10
indemnity,10
yea,10
concern,10
disregard,10
promote,10
btw,10
previous,10
immediately,10
required,10
valid,10
stepping,10
wat,10
flexxyourcreativity,10
busstop,10
fashion,10
total,10
entrepreneurship,10
ratecontact,10
chatting,10
firstbankisdigital,10
rap,10
chatbanking,10
sing,10
virtual,10
quiz,10
letters,10
wema,10
lekuta,10
ahoure,10
development,9
happened,9
refunded,9
company,9
sorted,9
friendly,9
advance,9
winner,9
wednesday,9
operate,9
finish,9
ch,9
grace,9
sef,9
stamp,9
status,9
mummy,9
responses,9
engagement,9
aid,9
weve,9
complete,9
linked,9
ban,9
tho,9
delay,9
unable,9
force,9
ya,9
exact,9
maintaining,9
interesting,9
bunch,9
knowledge,9
useless,9
income,9
client,9
international,9
introduced,9
guide,9
wondering,9
member,9
visiting,9
quicker,9
wa,9
industry,9
subscribed,9
plans,9
easier,9
password,9
payments,9
enjoying,9
ma,9
emmanuel,9
billion,9
abujacolourblast,9
cheque,9
peoples,9
needed,9
cup,9
wh,9
record,9
boy,9
deactivated,9
stay,9
smile,9
acknowledged,9
posted,9
side,9
medium,9
spoil,9
surprise,9
diesel,9
ensure,9
remains,9
steal,9
advised,9
designer,9
education,9
ignore,9
bankinggetscloser,9
diaspora,9
delivery,9
shows,9
fake,9
girls,9
senator,9
oil,9
sim,9
language,9
blogger,9
air,8
abuja,8
lool,8
leadership,8
withdraw,8
shop,8
catch,8
hands,8
holding,8
complains,8
blocked,8
island,8
tha,8
sharp,8
handling,8
mcash,8
ceo,8
outstanding,8
rec,8
tweeting,8
plc,8
naija,8
log,8
lead,8
nationwide,8
trial,8
type,8
feature,8
promised,8
bringing,8
withdrawal,8
truth,8
silverhawk,8
wahala,8
google,8
ac,8
sound,8
woman,8
enquiries,8
fees,8
rock,8
lives,8
ta,8
speaking,8
sm,8
stopped,8
ridiculous,8
kano,8
boost,8
opportunity,8
short,8
human,8
quickly,8
negative,8
proof,8
tagging,8
treated,8
hes,8
huge,8
hahahaha,8
clients,8
challenges,8
worked,8
resolving,8
shouldnt,8
holder,8
keeping,8
helpful,8
airtel,8
war,8
nbn,8
aint,8
hustle,8
mon,8
success,8
en,8
court,8
aware,8
fraud,8
hasnt,8
reflected,8
products,8
bot,8
drop,8
lovely,8
area,8
effect,8
promo,8
stock,8
standing,8
operations,8
ibadan,8
noted,8
female,8
shopping,8
serve,8
key,8
shout,8
activities,8
makeup,8
uk,8
chose,8
cybersecurity,8
reported,8
hotel,8
ladies,8
sounds,8
acknowledge,8
utility,8
tap,8
keyboard,8
fidelityflashkey,8
beneficiary,8
otp,8
recipient,8
questions,8
launched,8
powered,8
perfect,8
bminutes,8
offer,8
leomybff,8
rusoko,8
retrieve,7
technology,7
double,7
awards,7
reflecting,7
difficult,7
procedure,7
responsible,7
clarification,7
wanna,7
inform,7
paypal,7
avenue,7
efficient,7
window,7
professional,7
ope,7
similar,7
represent,7
child,7
pays,7
project,7
initiated,7
trend,7
present,7
reporting,7
youd,7
age,7
super,7
reactivate,7
opted,7
verve,7
gonna,7
caused,7
faster,7
jo,7
track,7
tgif,7
betja,7
greatest,7
meaning,7
gods,7
al,7
attempt,7
load,7
single,7
position,7
reverted,7
submitted,7
shey,7
pretty,7
maintenance,7
num,7
staffs,7
directed,7
visited,7
haba,7
platforms,7
web,7
appeal,7
guess,7
dmed,7
english,7
accou,7
lie,7
crazy,7
activated,7
works,7
sharing,7
digits,7
inclusion,7
grow,7
confirmed,7
absolutely,7
updated,7
android,7
print,7
hmm,7
par,7
ways,7
putting,7
ideas,7
banker,7
des,7
attitude,7
smart,7
organization,7
sense,7
lucky,7
protect,7
showed,7
plantain,7
evidence,7
satisfied,7
yen,7
ke,7
sun,7
deb,7
situation,7
hoping,7
messaged,7
officially,7
ojo,7
convenient,7
birth,7
audience,7
earnings,7
congrats,7
worry,7
entry,7
flashkey,7
select,7
fixing,7
voucher,7
shot,7
qs,7
bill,7
mindset,7
choice,7
competition,7
oriental,7
hangout,7
statements,7
copy,7
enterprise,7
si,7
travel,7
writer,7
gb,7
vous,7
nrasummit,6
sitting,6
gud,6
organisation,6
reduce,6
forms,6
ev,6
girl,6
partner,6
role,6
amt,6
everyday,6
regard,6
joke,6
respect,6
criteria,6
accepted,6
locked,6
youth,6
effective,6
lolz,6
beans,6
naa,6
mistake,6
star,6
strong,6
biggest,6
hair,6
chill,6
wetin,6
fighting,6
choi,6
abeokuta,6
grateful,6
bragging,6
urgently,6
local,6
hanging,6
remain,6
progress,6
assured,6
identification,6
ghen,6
growing,6
attract,6
worried,6
yello,6
infact,6
seek,6
di,6
hawks,6
ja,6
cheers,6
train,6
serving,6
totally,6
cost,6
pan,6
heart,6
theyre,6
inquiry,6
box,6
discuss,6
channel,6
prefer,6
generation,6
apologies,6
manner,6
honest,6
cross,6
dangote,6
pat,6
pple,6
sam,6
device,6
fully,6
tv,6
mi,6
alot,6
bit,6
western,6
specific,6
results,6
continuous,6
multiple,6
delivered,6
drag,6
companies,6
pele,6
proceed,6
supported,6
avail,6
answers,6
agency,6
addition,6
integrity,6
qualified,6
login,6
undefined,6
growth,6
pleasure,6
intelligence,6
chatbot,6
yellow,6
strokes,6
benefits,6
employ,6
await,6
sur,6
blame,6
sweet,6
meant,6
provider,6
front,6
defend,6
collectively,6
lawyer,6
shes,6
dancing,6
wholesome,6
traffic,6
ease,6
whos,6
providing,6
secure,6
names,6
tru,6
channels,6
changed,6
engine,6
intact,6
headquarters,6
employee,6
movement,6
downloaded,6
convince,6
chai,6
contest,6
wider,6
illegal,6
ans,6
invited,6
defraud,6
ph,6
yrs,6
agege,6
worldremit,6
username,6
flashkeybanking,6
smarter,6
accoun,6
oseni,6
moruf,6
akanbi,6
fixed,6
laugh,6
transfered,6
helping,6
included,6
roundabout,6
volume,6
central,6
apply,6
entries,6
entrepreneurial,6
white,6
location,6
lines,6
theyve,6
modern,6
fit,6
puff,6
identity,6
red,6
errands,6
thi,6
song,6
solved,6
codes,6
investment,6
wicked,6
sabi,6
basic,6
av,6
purchasing,6
campaign,6
successfully,6
thief,6
almighty,6
banki,6
mistakenly,6
wee,6
bonus,6
ehn,6
demobilize,6
launch,6
gift,6
managing,5
director,5
final,5
summit,5
desk,5
notes,5
withrawn,5
creating,5
payday,5
core,5
sis,5
manager,5
dream,5
ongoing,5
ilorin,5
grant,5
wind,5
owl,5
trade,5
itll,5
behalf,5
discussing,5
wi,5
introducing,5
luck,5
scheme,5
appreciated,5
experiencing,5
analytics,5
black,5
exercise,5
surprised,5
businesses,5
workshop,5
spent,5
excited,5
president,5
excellent,5
advertising,5
smiles,5
kill,5
loool,5
essence,5
spread,5
unveils,5
ibrahim,5
admission,5
leave,5
block,5
men,5
bia,5
store,5
feed,5
sponsors,5
jst,5
king,5
art,5
demand,5
northern,5
held,5
br,5
queen,5
kaduna,5
moving,5
explore,5
mad,5
expected,5
federal,5
likes,5
fintech,5
subject,5
fresh,5
functional,5
bayero,5
section,5
sirma,5
sister,5
setting,5
standard,5
practice,5
worldwide,5
apology,5
dose,5
bcos,5
wanted,5
qui,5
beat,5
returned,5
ko,5
cus,5
reading,5
automatic,5
tweeter,5
proved,5
switch,5
dr,5
registering,5
earned,5
lay,5
offering,5
tr,5
bodija,5
ikoyi,5
questionable,5
voting,5
host,5
journey,5
couldnt,5
bigdata,5
machinelearning,5
pythoncode,5
python,5
test,5
achieving,5
millions,5
site,5
released,5
members,5
receiver,5
strategy,5
prophet,5
nwaoguoguo,5
nweze,5
fantastic,5
dash,5
gem,5
relationship,5
fb,5
higher,5
officer,5
reached,5
impressed,5
happen,5
shareholders,5
foreign,5
goodmorning,5
magic,5
positive,5
kobo,5
du,5
jare,5
pepper,5
transa,5
ruler,5
deep,5
requirement,5
draw,5
nimc,5
ig,5
helo,5
ppl,5
trading,5
government,5
warm,5
related,5
ajah,5
logical,5
igbo,5
daylight,5
au,5
kadunafilmfestival,5
impact,5
comment,5
impressive,5
appi,5
manage,5
moved,5
nip,5
wud,5
helloi,5
actual,5
busy,5
da,5
safety,5
tanker,5
teller,5
accnt,5
egbon,5
longer,5
transact,5
machines,5
trans,5
north,5
cfc,5
junction,5
portharcourtthis,5
duly,5
insta,5
sajida,5
pro,5
prepaid,5
aba,5
individual,5
express,5
ab,5
su,5
slow,5
remita,5
dropped,5
bps,5
doubt,5
sew,5
polo,5
jointhetrain,5
screen,5
predict,5
early,5
stands,5
unusual,5
unit,5
samuel,5
domiciliary,5
closed,5
legbegbe,5
raise,5
venue,5
ups,5
benefit,5
choosing,5
features,5
entrepreneurkonnect,5
direction,5
listening,5
style,5
vat,5
slide,5
pack,5
knowing,5
guyz,5
correctly,5
videos,5
highest,5
sit,5
speed,5
owner,5
prize,5
yoruba,5
boys,5
attending,5
rewarding,5
recovery,5
insight,5
rescue,5
pop,5
critical,5
automated,5
logo,5
heritage,5
jus,5
etisalat,5
bar,5
claiming,5
ogun,5
linking,5
axis,5
dial,5
selected,5
vraiment,5
gtworld,5
lens,5
honey,5
je,5
dodo,5
dollars,5
burkina,5
faso,5
tuesdaytrivia,5
unionbank,5
antman,5
alat,5
politician,5
julius,5
yego,5
hang,4
guest,4
speaker,4
risks,4
mum,4
frm,4
heaven,4
consent,4
faith,4
general,4
jos,4
class,4
secondary,4
champions,4
rise,4
swear,4
investing,4
facts,4
changing,4
ekiti,4
turned,4
nysc,4
allen,4
foundation,4
rever,4
formal,4
wheres,4
designing,4
bridge,4
mondaymotivation,4
fear,4
mans,4
corner,4
function,4
helped,4
loans,4
fan,4
steps,4
childs,4
hidden,4
port,4
gu,4
finished,4
ag,4
coworking,4
commend,4
profile,4
startups,4
economy,4
finance,4
careers,4
certificate,4
rice,4
nige,4
snitch,4
zeni,4
teach,4
raising,4
looked,4
shown,4
voltron,4
wo,4
holders,4
plenty,4
brought,4
include,4
repeat,4
common,4
silly,4
lolhappy,4
cal,4
foll,4
iu,4
bear,4
responds,4
remove,4
max,4
tra,4
terms,4
shirleys,4
tran,4
chop,4
joint,4
ahan,4
fam,4
imo,4
view,4
qualifiersnbbf,4
thisismyhouse,4
protectourhouse,4
strongertogether,4
titansbasket,4
version,4
assure,4
ob,4
regional,4
favourite,4
robot,4
gladly,4
comprehensive,4
criminals,4
society,4
proper,4
sincere,4
protecting,4
shit,4
bu,4
cha,4
occasions,4
harvest,4
bn,4
mentioning,4
trouble,4
straight,4
lack,4
vex,4
forgot,4
char,4
cont,4
deadline,4
investigate,4
ap,4
supposed,4
ghana,4
quickteller,4
efficiency,4
enlighten,4
hida,4
timely,4
winning,4
timeline,4
effort,4
assistant,4
ea,4
item,4
vendor,4
filling,4
immigration,4
revenue,4
library,4
dozie,4
votes,4
failure,4
pushing,4
marketers,4
quality,4
shared,4
enables,4
empowering,4
fmdq,4
uzoma,4
checks,4
detail,4
insurance,4
declares,4
records,4
nb,4
diamondbank,4
francis,4
rewards,4
fitness,4
privately,4
earn,4
goals,4
walk,4
sponsoring,4
royal,4
rush,4
eat,4
incompetent,4
fa,4
joins,4
ride,4
beg,4
wan,4
twi,4
loyal,4
currency,4
dubious,4
major,4
les,4
push,4
il,4
une,4
witness,4
document,4
bankcharges,4
revolution,4
viral,4
unneces,4
henry,4
baby,4
expe,4
disagree,4
equally,4
initial,4
village,4
require,4
generator,4
thx,4
te,4
ju,4
engaging,4
remind,4
pa,4
eco,4
courtesy,4
thankyou,4
intended,4
wouldnt,4
proposal,4
messenger,4
suggest,4
gender,4
dated,4
ecobankcards,4
lazy,4
executive,4
funded,4
brings,4
victoria,4
moments,4
xpress,4
sec,4
leveraging,4
rectified,4
observing,4
daddy,4
empower,4
persons,4
logged,4
millionaire,4
united,4
kingdom,4
represented,4
answered,4
absolute,4
guests,4
cbncyber,4
cenbank,4
presentation,4
takeaways,4
skill,4
processes,4
added,4
planning,4
educational,4
states,4
ordinary,4
beginning,4
surname,4
atms,4
goal,4
personalbusiness,4
schools,4
meter,4
peter,4
thunder,4
yu,4
decoder,4
pridenationz,4
nationz,4
center,4
alway,4
mu,4
explanations,4
joined,4
bakare,4
loading,4
experiences,4
unilagcampusstorm,4
notified,4
completed,4
fbnh,4
firstbankdigitallab,4
organised,4
apps,4
battle,4
firstbanknigeria,4
mentoring,4
nigerias,4
digitallyspeaking,4
magnate,4
touch,4
trulythefirst,4
guarantee,4
excellence,4
alex,4
pic,4
afford,4
dance,4
spit,4
bars,4
chizor,4
learning,4
anticipated,4
wear,4
named,4
shoes,4
room,4
starting,4
automatically,4
comedy,4
cake,4
xplore,4
holdings,4
wickedness,4
omo,4
shine,4
february,4
abt,4
ve,4
owe,4
sue,4
ignoring,4
reapon,4
mountain,4
robbery,4
lols,4
pease,4
som,4
endbankfraud,4
sublims,4
abule,4
recha,4
rerep,4
blesss,4
notch,4
auto,4
ruin,4
fall,4
mailbox,4
avoid,4
platinum,4
directive,4
watching,4
joseph,4
options,4
sale,4
kuku,4
meetleo,4
promising,4
identify,4
zenithbank,4
garri,4
individuals,4
debiting,4
reality,4
guaranty,4
hub,4
outrageous,4
petty,4
illuminati,4
burn,4
searching,4
temporary,4
regular,4
field,4
senior,4
excuse,4
titans,4
adamu,4
release,4
wealth,4
complaintinquiry,4
sky,4
damage,4
recruitment,4
unsolicited,4
tea,4
okuk,4
lasting,4
psychologist,4
bolt,4
gold,4
ahour,4
pocket,4
utilizing,4
conservation,4
techniques,4
civic,4
handled,3
lokoja,3
startimes,3
debitamtngn,3
despi,3
brown,3
themed,3
crime,3
smiling,3
fold,3
ooh,3
hackathon,3
mtchew,3
morningi,3
domicilary,3
problems,3
rubbish,3
nigeriawhich,3
ambassador,3
dy,3
ancestors,3
noon,3
performed,3
nin,3
cheques,3
approved,3
camp,3
cuz,3
accessbank,3
certified,3
classes,3
defrauding,3
jabi,3
potential,3
practices,3
verification,3
conclusion,3
kilode,3
secs,3
windowrug,3
boldly,3
discussion,3
informative,3
permitted,3
understanding,3
edition,3
speaks,3
model,3
sponsored,3
lekki,3
updates,3
hehe,3
rendered,3
blockchain,3
treasury,3
hottest,3
analyt,3
vice,3
joy,3
aunty,3
youths,3
concerns,3
collected,3
officers,3
easily,3
haha,3
graduate,3
silverhawks,3
withdrawals,3
favor,3
culture,3
topping,3
random,3
spoke,3
description,3
legit,3
dreams,3
dates,3
themi,3
compare,3
patiently,3
inf,3
shut,3
mama,3
thou,3
ends,3
target,3
hulk,3
participants,3
indiscriminately,3
reset,3
legally,3
colleagues,3
greater,3
kingenjoy,3
addy,3
hon,3
dearheavens,3
wished,3
golden,3
laid,3
recommend,3
loved,3
practically,3
discussed,3
cso,3
emerging,3
aiit,3
ll,3
younger,3
seamless,3
gov,3
opportunities,3
incessant,3
welldone,3
transactionthats,3
mobil,3
input,3
confused,3
unlock,3
tender,3
issued,3
bankplease,3
startup,3
spamming,3
due,3
rival,3
disable,3
fyi,3
cpc,3
sos,3
joshua,3
hashtag,3
os,3
accent,3
bal,3
ye,3
assume,3
toll,3
referred,3
reache,3
db,3
referring,3
guessing,3
march,3
refunding,3
lite,3
futile,3
warned,3
dragging,3
stated,3
river,3
birds,3
feather,3
solving,3
claims,3
excuses,3
amoun,3
depreciate,3
promises,3
spns,3
diamondxtra,3
matters,3
environment,3
affordable,3
prices,3
usd,3
ayodele,3
capacity,3
arrive,3
greet,3
agm,3
welcomed,3
kayode,3
akinkugbe,3
shadefrom,3
rightyou,3
cover,3
stirs,3
john,3
tax,3
citynews,3
shock,3
treating,3
kk,3
colored,3
neck,3
ties,3
policies,3
toooo,3
whatarefriendsfor,3
increased,3
acting,3
associate,3
slaves,3
jumia,3
mone,3
movies,3
beats,3
toy,3
danfo,3
functioning,3
countless,3
source,3
ish,3
beyondbanking,3
representative,3
father,3
premier,3
vis,3
farm,3
agro,3
pas,3
pour,3
isaac,3
morningplease,3
collect,3
displaying,3
nm,3
cooperation,3
unblock,3
li,3
futuredriven,3
intellectuals,3
conne,3
mercy,3
saved,3
youwe,3
mifa,3
perform,3
roasted,3
yield,3
correction,3
gradually,3
owerri,3
educate,3
relations,3
path,3
sends,3
acknowledging,3
mixup,3
dans,3
avec,3
corn,3
commercia,3
season,3
booked,3
taxify,3
loaded,3
wowweve,3
processing,3
evil,3
voice,3
cr,3
visite,3
chei,3
investors,3
pe,3
stranger,3
suffice,3
lying,3
deals,3
ng,3
wins,3
koboko,3
lit,3
farmers,3
saleh,3
returns,3
storage,3
slip,3
inconveniences,3
swiftly,3
radio,3
affect,3
observed,3
october,3
amounts,3
liking,3
sti,3
prizes,3
ole,3
seeking,3
city,3
obe,3
beneficiaries,3
earth,3
presently,3
accepting,3
instructions,3
trending,3
deleted,3
begging,3
efforts,3
dmthanks,3
nite,3
mystery,3
signed,3
messaging,3
stagewhich,3
incident,3
tnk,3
omole,3
outbreak,3
businessamlive,3
hq,3
pure,3
digit,3
complex,3
premises,3
broadcast,3
breaking,3
fir,3
uniport,3
selling,3
beauty,3
apple,3
nair,3
east,3
worst,3
limited,3
proposition,3
accessories,3
fraught,3
undeserving,3
accept,3
bae,3
hairstylist,3
qoq,3
produce,3
hairstyling,3
reports,3
waste,3
discover,3
artist,3
land,3
studying,3
kor,3
zone,3
upgrade,3
abiola,3
ikorodu,3
upto,3
completely,3
apologizing,3
nee,3
issa,3
settle,3
shame,3
decline,3
ibmag,3
instinctwave,3
funding,3
requires,3
product,3
newspaper,3
hurry,3
submitting,3
influencer,3
finding,3
twiceon,3
shortly,3
travelling,3
ilupeju,3
err,3
adverti,3
collection,3
dispensed,3
exper,3
christ,3
activation,3
rapture,3
occur,3
tommorow,3
reverting,3
phon,3
sudan,3
jul,3
nope,3
helps,3
secret,3
induced,3
uchenna,3
stephen,3
firstcontact,3
humble,3
dayi,3
wedding,3
presents,3
san,3
achieve,3
hearts,3
traded,3
package,3
lots,3
minds,3
schedule,3
surely,3
systems,3
jobs,3
awon,3
wajucouture,3
valsabi,3
connectseries,3
period,3
brilliant,3
innovations,3
busin,3
clickatell,3
steering,3
wheelhint,3
introduce,3
uniben,3
struggling,3
uni,3
firstmonie,3
succeed,3
whatapp,3
malize,3
brandzone,3
vision,3
branding,3
cameroon,3
playing,3
usual,3
knew,3
percentage,3
aesthetic,3
edidiong,3
georgeedygeorgegraphicsletsdesignforyou,3
deliver,3
babe,3
holds,3
calendar,3
considered,3
ff,3
oyo,3
sustainable,3
games,3
terrifictuesday,3
tuesdaythoughts,3
benue,3
instantly,3
garden,3
litraising,3
possi,3
sleep,3
gmaths,3
godwin,3
discount,3
bulk,3
msgs,3
orienta,3
behave,3
hahahahaha,3
hehehe,3
remit,3
chicken,3
firstbankfiresidechat,3
energy,3
signature,3
freebies,3
pending,3
prevailing,3
leap,3
figure,3
resources,3
picking,3
hmmm,3
plight,3
sa,3
intend,3
discovered,3
kids,3
telex,3
anomaly,3
changesome,3
investigated,3
numerous,3
hopes,3
install,3
egba,3
technical,3
character,3
moneygram,3
dirty,3
refuse,3
inexpensive,3
mess,3
devil,3
knw,3
bonne,3
wide,3
forwarded,3
quoted,3
abdullahi,3
sw,3
enrolled,3
founder,3
aug,3
mate,3
peace,3
knock,3
intl,3
surulere,3
oyebode,3
olajide,3
muhammad,3
late,3
birthdays,3
interswitch,3
initiate,3
documents,3
endure,3
instruction,3
goan,3
gat,3
joking,3
levelup,3
premium,3
plantains,3
ikotun,3
bottle,3
hail,3
idp,3
mood,3
warriall,3
ooooooo,3
wall,3
ghost,3
gtapp,3
turnover,3
shortlisted,3
ball,3
uche,3
trades,3
valued,3
investigation,3
conversion,3
iphone,3
participate,3
silence,3
justify,3
passport,3
lesser,3
solicit,3
contracts,3
thumbs,3
hell,3
conc,3
printout,3
milk,3
gtcrea,3
operating,3
typo,3
merchant,3
dea,3
personally,3
longest,3
piece,3
tonight,3
deducts,3
mentioned,3
adventure,3
blue,3
linkedin,3
monitor,3
south,3
approval,3
centre,3
workers,3
sen,3
heads,3
cscom,3
honestly,3
momoh,3
ismaila,3
experien,3
busied,3
nous,3
quel,3
awolowo,3
cs,3
honours,3
firms,3
tu,3
ne,3
uganda,3
combination,3
nyaregh,3
apekanuko,3
peak,3
niger,3
powerful,3
holy,3
executives,3
wealthnavigatewithidy,3
worknavigatewithidy,3
spiritual,3
athletics,3
kenyan,3
genre,3
atonal,3
ighoteguonor,3
hikindly,3
itunes,3
wewanttheyouthstoknowis,3
terra,3
kulture,3
zhurg,3
natural,3
ecosystems,3
survival,3
endangered,3
enrol,3
giditraffic,3
nwigwe,2
ancient,2
nta,2
hebert,2
asokoro,2
closer,2
prof,2
professor,2
felicia,2
render,2
praying,2
tend,2
infrastructure,2
ahmadu,2
bello,2
twenty,2
refreshing,2
pull,2
countrys,2
emerged,2
apf,2
delighted,2
thrive,2
societies,2
poverty,2
occasion,2
population,2
determine,2
desc,2
collaborate,2
iss,2
hammer,2
toying,2
corper,2
innit,2
mak,2
outlet,2
basically,2
closure,2
informa,2
leading,2
debitted,2
demanding,2
reasons,2
suppor,2
anymore,2
photos,2
reciept,2
designs,2
graphics,2
practical,2
met,2
tak,2
fullest,2
reversing,2
supporting,2
motivation,2
fans,2
unnecessary,2
prepare,2
pitch,2
tent,2
binding,2
mental,2
inquire,2
interview,2
givi,2
amala,2
eyes,2
developed,2
hearing,2
catching,2
hilarious,2
charity,2
door,2
television,2
lampwindowrugbrain,2
pounded,2
yam,2
challenging,2
gbese,2
aboyeji,2
exciting,2
pipu,2
kikikikiki,2
generate,2
pledges,2
agric,2
savetoday,2
nhea,2
defrauded,2
entrylevel,2
budget,2
pain,2
unsuccessful,2
ogunstate,2
predictive,2
values,2
creation,2
bound,2
pasta,2
delicious,2
hosts,2
exploring,2
aci,2
seeks,2
trademark,2
boiled,2
soup,2
pictures,2
cheese,2
snail,2
stars,2
keynote,2
ngo,2
elselets,2
facesthe,2
dig,2
comfort,2
reactions,2
mvps,2
participating,2
eventwe,2
wordcome,2
favorites,2
polite,2
capture,2
cartoon,2
greeting,2
actions,2
encourage,2
universitys,2
pics,2
blessings,2
roll,2
petition,2
newly,2
lobatan,2
birthda,2
killing,2
delete,2
urbestbank,2
applies,2
comfortable,2
match,2
lj,2
dialing,2
outreach,2
daysfibawc,2
collecting,2
replyi,2
amo,2
finals,2
misplaced,2
bird,2
betting,2
messing,2
handed,2
til,2
served,2
bett,2
broke,2
oldest,2
opinion,2
goods,2
realtime,2
extorting,2
civil,2
professionalism,2
effectiveness,2
artificial,2
revers,2
closing,2
fate,2
inspiration,2
dnt,2
arrival,2
sic,2
sicng,2
precise,2
kicked,2
bay,2
survey,2
asks,2
farming,2
interbank,2
nu,2
imposed,2
mhen,2
tx,2
adeola,2
odeku,2
mai,2
implemented,2
baking,2
noreplycom,2
emai,2
verified,2
ude,2
enterprenuer,2
suitable,2
replacement,2
beings,2
revi,2
airtim,2
mega,2
bucks,2
jour,2
kline,2
satisfaction,2
depends,2
awarded,2
retrieved,2
otagba,2
corpers,2
savedatmoney,2
introduction,2
beneficial,2
cu,2
anticipation,2
reachable,2
wha,2
providers,2
patronize,2
shortpayed,2
terminal,2
dude,2
dispensing,2
tactfully,2
avoided,2
promptly,2
reviewed,2
waited,2
homework,2
bikonu,2
finishing,2
prove,2
hopeforget,2
stood,2
recall,2
entity,2
perambulating,2
diamondbankhelp,2
credi,2
recipients,2
bac,2
allowed,2
loads,2
comments,2
forgive,2
responsive,2
pride,2
lifestyle,2
pretend,2
electron,2
obubra,2
lies,2
tithe,2
footage,2
wks,2
filed,2
deactivating,2
cherish,2
eager,2
continu,2
xtra,2
saves,2
bankers,2
acceptance,2
costumer,2
pen,2
research,2
businessfriendly,2
drug,2
conversing,2
standardly,2
lending,2
olojede,2
programs,2
falling,2
joor,2
routine,2
pdf,2
conditions,2
resultsspnk,2
retraction,2
attendant,2
wii,2
befor,2
receipt,2
passed,2
tips,2
productivity,2
generational,2
images,2
plcwith,2
issuesort,2
lara,2
hibiscus,2
deluxe,2
feedbackwe,2
diamondada,2
married,2
dunno,2
acknowledgement,2
enlightening,2
excess,2
thowbackthursdayabujacolourblast,2
desist,2
centralbankofnigeria,2
querry,2
movie,2
raji,2
ditched,2
forw,2
disappointed,2
tomato,2
bby,2
ventures,2
tomatoes,2
officemile,2
marketlag,2
emergency,2
acquire,2
son,2
racing,2
mark,2
perks,2
directors,2
eguando,2
color,2
purposes,2
publicly,2
outdoing,2
inept,2
daft,2
dealings,2
dishearteningly,2
lackadaisical,2
fond,2
sexually,2
frustrated,2
incase,2
faced,2
belle,2
worse,2
wrongly,2
loosing,2
ty,2
bike,2
entre,2
phase,2
thnks,2
beta,2
absolving,2
blames,2
peculia,2
withdrew,2
eating,2
wil,2
seybi,2
hahaha,2
remembered,2
fallen,2
dusty,2
returning,2
break,2
sumpin,2
unwelcoming,2
carrying,2
justifiable,2
defen,2
fines,2
inbound,2
outbound,2
orphanages,2
directory,2
lin,2
comparing,2
unfairits,2
con,2
fraudsters,2
scammed,2
pl,2
quiet,2
culpable,2
happyme,2
therapeutic,2
nature,2
paints,2
onitsha,2
cold,2
promotion,2
monies,2
belief,2
reserve,2
thr,2
mohammed,2
tvc,2
intervene,2
mubi,2
terminate,2
wey,2
thatll,2
compliant,2
singing,2
sig,2
mixed,2
slightly,2
repeated,2
scammers,2
grievous,2
forex,2
abia,2
issuesi,2
committed,2
issokay,2
excellencies,2
reformed,2
op,2
yep,2
downimagine,2
endbankingfraudendbankingfraud,2
thesevatcar,2
bnk,2
graduates,2
children,2
jesu,2
stanbic,2
talked,2
inaccessible,2
display,2
complaintdb,2
reviewedamount,2
transactio,2
hisher,2
awareness,2
afternooni,2
attempts,2
confidential,2
shook,2
looool,2
ohh,2
stating,2
obvious,2
term,2
gettin,2
gbagada,2
contribution,2
appropriately,2
embarrass,2
caught,2
maintain,2
suggested,2
bold,2
photo,2
pleased,2
exceeded,2
corp,2
allowance,2
bearing,2
olanrewaju,2
temitope,2
subsc,2
gain,2
xpressaccount,2
safetyrecordng,2
besafe,2
locations,2
mini,2
empowered,2
brag,2
kinda,2
happysummer,2
bankstoo,2
oneven,2
buseswhen,2
internal,2
tank,2
including,2
continuity,2
enjoyed,2
everytime,2
tellers,2
gr,2
greed,2
scene,2
pool,2
outbreakbuilding,2
vip,2
intervention,2
management,2
contained,2
supply,2
expressaccount,2
equal,2
tune,2
exclusive,2
celebration,2
maturity,2
rare,2
wife,2
oshe,2
professionals,2
locate,2
paul,2
olije,2
duping,2
jacob,2
cashback,2
replace,2
tactics,2
disperse,2
sugar,2
fenty,2
grandparents,2
stories,2
houses,2
organizing,2
forum,2
gboju,2
handler,2
inconveniencing,2
transferring,2
flexx,2
creativity,2
grand,2
vibrant,2
daredreams,2
daredreamng,2
calabar,2
led,2
styling,2
bran,2
drivers,2
offered,2
bra,2
savage,2
replies,2
rewarded,2
hype,2
parent,2
accessory,2
refusing,2
boi,2
grey,2
dming,2
region,2
listings,2
cou,2
fai,2
builddont,2
intentions,2
fair,2
eko,2
expansion,2
grows,2
gentlemen,2
voters,2
roughly,2
eventually,2
presence,2
comparison,2
ortom,2
usa,2
employment,2
sage,2
qualify,2
babs,2
honour,2
bye,2
trick,2
advertised,2
offensive,2
huh,2
dope,2
dry,2
height,2
fidelitysme,2
childsafetyeducationandprotectioninitiativengo,2
obeying,2
wtf,2
str,2
fac,2
alade,2
wrongful,2
tabled,2
kehinde,2
fools,2
argentina,2
initially,2
zublajcom,2
yestersday,2
someones,2
akowonjolagos,2
temerity,2
idiots,2
engaged,2
okota,2
archaic,2
nig,2
activating,2
contac,2
visacard,2
activity,2
urgency,2
prevent,2
constraint,2
kee,2
marina,2
nuban,2
tejuosho,2
telephone,2
contacts,2
claimed,2
urs,2
meafter,2
wor,2
bi,2
bck,2
history,2
eta,2
zanzibar,2
tanzania,2
recharges,2
entered,2
frequently,2
programme,2
rates,2
mumubank,2
urself,2
medias,2
issuer,2
hotlist,2
lunch,2
unresolved,2
hallos,2
ssc,2
messa,2
bullshit,2
patronage,2
addup,2
fbnk,2
agu,2
oku,2
ibikunle,2
ademola,2
alternative,2
issuecc,2
rm,2
protected,2
dividend,2
agip,2
believed,2
slogan,2
electricity,2
effected,2
problematic,2
accountjust,2
compared,2
updateaugust,2
marketsnapshot,2
topadvancers,2
topdecliners,2
toptrades,2
leader,2
established,2
entrepreneu,2
flat,2
sessions,2
topnotch,2
pacesetter,2
flashback,2
rubbing,2
ra,2
customerservice,2
doorstep,2
cia,2
iia,2
secretari,2
thatthanks,2
glance,2
connected,2
sick,2
focus,2
twitfam,2
rocks,2
dignitaries,2
author,2
mommy,2
arrives,2
staying,2
meets,2
firstthe,2
todays,2
repost,2
businessu,2
shakushaku,2
anyday,2
permanent,2
consulting,2
mission,2
medplus,2
digitalbanking,2
rolls,2
utilize,2
capabilities,2
accolades,2
puts,2
enhance,2
fin,2
kwa,2
crowd,2
integrate,2
masters,2
inconvenienceplease,2
eyah,2
players,2
invite,2
spell,2
suits,2
pair,2
insights,2
alternativ,2
paining,2
benefici,2
hosting,2
chair,2
advanced,2
cook,2
moin,2
mistaken,2
wearing,2
morningrush,2
breakfastinthecity,2
dominion,2
prime,2
gross,2
countdown,2
watches,2
marketupdate,2
boda,2
tayo,2
seat,2
profits,2
appmy,2
elp,2
candidates,2
cousin,2
quarterly,2
investor,2
operation,2
egg,2
achieved,2
comedian,2
analysis,2
corporatenigeria,2
stage,2
capital,2
ikeja,2
advantage,2
books,2
elephant,2
aka,2
meal,2
existing,2
separate,2
cloth,2
peachtree,2
efex,2
badass,2
dancer,2
endeavour,2
biz,2
exposure,2
golf,2
structure,2
ife,2
sold,2
fraudster,2
portal,2
hmmmmm,2
suya,2
responseit,2
flex,2
emp,2
mediumsized,2
resumes,2
ohhh,2
learnt,2
rope,2
concur,2
suppose,2
abj,2
expand,2
mentality,2
ideabe,2
augustvenue,2
laboratory,2
skin,2
ended,2
equities,2
measured,2
accounted,2
count,2
announced,2
clothes,2
nwachukwu,2
ogechukwu,2
withi,2
perfectsummerfit,2
reduction,2
stick,2
firstbankisafraud,2
observe,2
ant,2
msme,2
esotu,2
benedict,2
abiodun,2
hearti,2
nov,2
content,2
annual,2
unending,2
adebayo,2
anticipating,2
globacom,2
ojuelegba,2
whatfund,2
gi,2
chuma,2
ezirim,2
ebusiness,2
tin,2
commitment,2
swipe,2
io,2
lobby,2
dthe,2
ioprojects,2
simon,2
nkereuwem,2
firstmon,2
adds,2
firstedu,2
mere,2
wake,2
endthescam,2
debate,2
casrbc,2
casmvm,2
mba,2
warming,2
helllo,2
rechar,2
cunny,2
disclosed,2
debi,2
meanytime,2
dbitd,2
chairwoman,2
wise,2
firstbankmastercard,2
mates,2
itthanks,2
aft,2
shocking,2
interestingly,2
anoda,2
agreed,2
youmost,2
unresponsive,2
communicating,2
thrice,2
die,2
empathy,2
aisha,2
pray,2
someb,2
mobileapp,2
cashless,2
perfectly,2
dob,2
shade,2
shades,2
peoplebut,2
fed,2
septemberand,2
thesame,2
ins,2
flow,2
emanate,2
firstbankreturnmymoney,2
criminal,2
idimu,2
announcing,2
benjamin,2
captain,2
rowing,2
surprisingly,2
fi,2
airtimemtn,2
balanc,2
stipends,2
subscribing,2
conclude,2
inadvertently,2
gimme,2
liar,2
ooooo,2
entering,2
germany,2
embarrassing,2
workingacc,2
ooohow,2
eveningi,2
anchor,2
borrowers,2
est,2
causing,2
method,2
genuinely,2
dissat,2
urgentlythanks,2
fraudim,2
anythingjust,2
brow,2
bic,2
billed,2
sole,2
posting,2
yal,2
loving,2
posed,2
allover,2
clarity,2
ed,2
intellectual,2
panel,2
incentive,2
aall,2
bright,2
owing,2
intentional,2
sinc,2
handles,2
elapsed,2
noti,2
fbnhelp,2
destination,2
processed,2
reasonable,2
unr,2
attempted,2
followback,2
ali,2
resend,2
utme,2
sisters,2
notif,2
mutual,2
hw,2
urgentthanks,2
reps,2
dmkindly,2
delta,2
relevant,2
referal,2
payout,2
plea,2
ifeoluwa,2
oluyide,2
adebowale,2
richard,2
thousands,2
rigmarole,2
abuletailor,2
ahmadiya,2
champion,2
reg,2
cred,2
hm,2
levelupwith,2
collaborative,2
spaces,2
relaxed,2
issuing,2
celebrating,2
ciara,2
ijebu,2
commendable,2
mouth,2
nt,2
press,2
levelupchallenge,2
yum,2
aye,2
weekends,2
jam,2
lova,2
senders,2
brach,2
strongly,2
judge,2
unexpected,2
lauds,2
perfe,2
messagesnow,2
youand,2
iv,2
den,2
semifinals,2
grew,2
donating,2
revertthanks,2
deduc,2
logon,2
middle,2
bei,2
hiding,2
hellokindly,2
defence,2
oap,2
trains,2
barki,2
ladi,2
camps,2
glw,2
spendsave,2
africanacity,2
rangers,2
wrath,2
nawa,2
anh,2
ado,2
monthstill,2
payable,2
bja,2
simplechangebigimpactchallenge,2
thaugust,2
favorite,2
electronic,2
recip,2
loud,2
intercontinental,2
dgn,2
flight,2
oooooo,2
bio,2
regrann,2
milestone,2
gett,2
doyinsola,2
contestants,2
underground,2
shoddy,2
guaranteetrashbank,2
oro,2
iso,2
tells,2
bruv,2
parallel,2
compu,2
operates,2
akinogun,2
ipa,2
ogunlana,2
masha,2
ages,2
breathe,2
deliv,2
wars,2
colour,2
depend,2
deserves,2
weather,2
mcm,2
hardware,2
escalation,2
naaa,2
mars,2
patient,2
dogs,2
che,2
thisisnigeria,2
facing,2
dividends,2
midnight,2
church,2
emailed,2
brothersister,2
phillip,2
frodo,2
monthits,2
removed,2
waw,2
thereyet,2
alertsdo,2
res,2
transacting,2
stupid,2
classic,2
preferred,2
hal,2
embarrassed,2
cry,2
cheaper,2
guysquick,2
signatories,2
ministry,2
adeleke,2
hotline,2
ayangburen,2
principals,2
coman,2
ashes,2
approach,2
innoson,2
projects,2
revive,2
abracadabra,2
performing,2
bus,2
biggs,2
gallery,2
arepomagboro,2
robbed,2
bundle,2
abubakar,2
recieved,2
missing,2
body,2
laughing,2
oshey,2
uwc,2
adding,2
industrial,2
mustapha,2
queried,2
withdrawing,2
legal,2
idris,2
shamsuddeen,2
waec,2
renewal,2
orange,2
walked,2
thankz,2
convenience,2
banter,2
influential,2
intention,2
spare,2
authentic,2
survive,2
ode,2
dah,2
slap,2
showmake,2
serial,2
addre,2
mont,2
drawing,2
aroun,2
hmmmn,2
happeningcc,2
alarti,2
alartreformjabanks,2
extraordinary,2
rule,2
anniversary,2
wifi,2
refunds,2
extort,2
indemnify,2
collects,2
alrea,2
difficulty,2
regulations,2
und,2
belonging,2
mtchewing,2
lips,2
kisses,2
honesty,2
association,2
scientists,2
gbam,2
tw,2
maam,2
exp,2
root,2
henceforth,2
aggressive,2
edit,2
mennnh,2
aro,2
geologist,2
ama,2
sea,2
street,2
platformanyo,2
argue,2
doldrums,2
wire,2
sunny,2
rea,2
olayemi,2
olatunji,2
approving,2
quarrel,2
rejecting,2
clich,2
tested,2
lolzz,2
routing,2
complaintinquir,2
property,2
lag,2
mds,2
lifetime,2
ser,2
steadily,2
lend,2
plis,2
egbeda,2
picked,2
analog,2
poor,2
muritala,2
arrogant,2
clueless,2
insensitive,2
vital,2
revart,2
yestaday,2
messed,2
craze,2
consideration,2
proactive,2
built,2
umobile,2
unrecovered,2
sentiment,2
declared,2
tip,2
gbp,2
nerveover,2
operated,2
iphoneprolly,2
mewho,2
hot,2
shortcuts,2
offers,2
limits,2
material,2
eye,2
bee,2
pourquoi,2
vas,2
banque,2
chez,2
cette,2
frre,2
drinking,2
cashier,2
fte,2
ubas,2
lautech,2
tech,2
conferences,2
ondata,2
science,2
ije,2
idoma,2
gifts,2
tiv,2
igala,2
mardi,2
shede,2
kunguna,2
okubo,2
green,2
mma,2
nkap,2
aj,2
differences,2
pyramid,2
trees,2
unitedbankforafrica,2
consumers,2
jor,2
west,2
ub,2
echat,2
fried,2
stingy,2
resumecv,2
summary,2
gari,2
scammer,2
tiger,2
gceo,2
animal,2
bots,2
generally,2
ure,2
artificailintelligence,2
robotics,2
maptuesdaytriviaunionbankyoursimplersmarterbankfastestfingers,2
dom,2
followers,2
positivenaija,2
campuswritingchallenge,2
yoursimplersmarterbank,2
challengeto,2
stipend,2
announce,2
glory,2
vinsighte,2
ina,2
farmally,2
emerge,2
nothi,2
confidence,2
csuite,2
navigate,2
enovate,2
league,2
deploy,2
assuming,2
trainee,2
jim,2
ovia,2
pilot,2
championship,2
anthony,2
ks,2
outcome,2
cashiers,2
stadium,2
hop,2
semenya,2
usain,2
resolutioncs,2
tweeps,2
iamsoendowed,2
quizlets,2
pleas,2
footsteps,2
ahmed,2
naas,2
athlete,2
wade,2
england,2
semanya,2
calculated,2
ogbete,2
epoxy,2
designated,2
moto,2
towers,2
ri,2
alertcan,1
acess,1
accdescbillsbas,1
wen,1
payda,1
jerry,1
gana,1
jimi,1
suit,1
downs,1
aigboje,1
aigimoukhuede,1
obinna,1
nwosu,1
oluwaunmilayo,1
olonisakin,1
british,1
scholar,1
capitalization,1
thanksthey,1
noaccount,1
adepoju,1
perfected,1
ayobo,1
mrn,1
nmy,1
goodmornin,1
inflow,1
myaccess,1
hvesorted,1
braincell,1
minimumdailybalance,1
mpowerbizaccount,1
siri,1
agoabout,1
seized,1
gratuities,1
cons,1
users,1
tobe,1
recommendations,1
glitch,1
sentiments,1
expert,1
conflict,1
windowrugbrainlamp,1
umbrellaserviceyour,1
wet,1
yeaay,1
bankalways,1
memory,1
flies,1
bombwaooh,1
loani,1
myacessbank,1
cosmos,1
constellation,1
cstell,1
recode,1
polymer,1
esteemed,1
gmdceo,1
lampbrainwindowrug,1
throwbackthursday,1
jointly,1
era,1
vicious,1
cycle,1
teeming,1
accessdebit,1
dracc,1
wht,1
interesttime,1
actors,1
numberpls,1
rukay,1
unkn,1
prayerhelp,1
discusses,1
respons,1
praising,1
flabbergasted,1
bawo,1
accdescussd,1
ussddate,1
trng,1
witdrl,1
notificat,1
nauna,1
illimitable,1
abacha,1
loot,1
trainees,1
drainageshappy,1
ilead,1
drainages,1
brothers,1
fatan,1
bolanles,1
luno,1
itwhat,1
thatis,1
recognise,1
snare,1
player,1
platoon,1
unfolding,1
inlovewithaccessbank,1
toh,1
issh,1
cafo,1
coask,1
capable,1
hou,1
alertspls,1
thoughts,1
newsworthy,1
consumer,1
rights,1
organisations,1
prevail,1
suspen,1
misspelled,1
quadir,1
quadri,1
accdescgtbank,1
choba,1
portharcourt,1
rvng,1
piling,1
stressful,1
baddass,1
illeg,1
wuye,1
residents,1
utako,1
publication,1
plcs,1
esg,1
initiatives,1
sdgs,1
lambowl,1
windwindow,1
windowbrawrug,1
andlamp,1
refutation,1
signal,1
submission,1
increases,1
lampwindowrugbrainthese,1
epele,1
catfish,1
enh,1
availablehowever,1
trainnee,1
plastic,1
appu,1
frontline,1
internship,1
ewedu,1
lampwindowrug,1
sayin,1
baje,1
windowwhats,1
borrowing,1
neighbors,1
ratesinterested,1
entrepreneursalso,1
sleepthey,1
paydayloanclarification,1
ear,1
buds,1
brainwindowruglamp,1
lampbrainrugmanwindow,1
oshodi,1
bug,1
tractormanmission,1
agribusiness,1
hyave,1
accountis,1
windowllampbrain,1
paybackloan,1
videoclip,1
designed,1
interact,1
puzzle,1
brainlamprugwindow,1
creditalertpaydaytarget,1
accessandi,1
hairrug,1
ruglamp,1
windowlamprugbrain,1
lampbrainrugwindow,1
louder,1
yuptheres,1
objects,1
lamprugbrainwind,1
windowrugbrainlampwhat,1
windowlampbrain,1
nun,1
rugbrainlampwindow,1
lampwindow,1
broomwindow,1
curtainsrug,1
floorbrain,1
weldone,1
downim,1
iyinoluwa,1
cofounder,1
fe,1
ann,1
appgoodbank,1
bagged,1
coworkng,1
asogwa,1
emeka,1
loa,1
preferably,1
overhaul,1
architecture,1
fu,1
programmenigeria,1
affected,1
fellasquestionwhats,1
unpaid,1
galaxy,1
kwes,1
sports,1
persiste,1
entire,1
platfor,1
incomplete,1
idibian,1
coworkingandbuild,1
mtcheew,1
dissapointed,1
unfreeze,1
frequent,1
feeds,1
bethechange,1
newbridtheworld,1
covalue,1
collaborationcoworking,1
creeps,1
begins,1
imax,1
filmhouse,1
cibncfs,1
breakfast,1
frontiers,1
ikokore,1
eeeewwww,1
argued,1
eligible,1
semo,1
ogbono,1
fisherman,1
label,1
tradermoni,1
smartcontract,1
bsg,1
titled,1
bondsthis,1
accesscredit,1
cracc,1
hiwhat,1
paysend,1
mac,1
egbe,1
okene,1
episodewolitejeje,1
woliagbaayoajewole,1
brink,1
headhead,1
honored,1
applications,1
sentimental,1
solutiondriven,1
finbarrs,1
akoka,1
phenomenal,1
receptive,1
dialling,1
rat,1
retifly,1
promotions,1
terrible,1
nothingonline,1
campaigns,1
crucial,1
morningim,1
againi,1
bankswar,1
relentless,1
mass,1
sameness,1
xt,1
concinience,1
warrior,1
marketer,1
photocopy,1
wellwishes,1
dailytrust,1
hahahahah,1
godhelp,1
sliver,1
baiday,1
scooby,1
doo,1
yh,1
hallelujah,1
compulsory,1
serena,1
foskolo,1
onechance,1
heartland,1
bealge,1
trail,1
stipulated,1
intothanks,1
kpele,1
naomi,1
accepeted,1
dp,1
tableyou,1
distinguished,1
hbd,1
ufuoma,1
yesterd,1
essentially,1
infinite,1
choicemakers,1
existence,1
infor,1
amou,1
hurk,1
revet,1
innovationi,1
saveday,1
moro,1
youfrom,1
base,1
infinix,1
respectiv,1
diall,1
intentionally,1
insignificant,1
penal,1
purpose,1
incredibly,1
lookateww,1
hun,1
feedb,1
forefront,1
continuing,1
remedy,1
sho,1
supposedly,1
actingthis,1
large,1
everythings,1
grassroot,1
emotional,1
appl,1
silverhawkcartoon,1
tbtbt,1
ifnromed,1
hallo,1
cardsvisa,1
mushi,1
ample,1
netwokr,1
reve,1
mehnnnnn,1
asinnnnnn,1
mornings,1
expound,1
nairai,1
frago,1
setup,1
logi,1
transferplease,1
bat,1
reform,1
cartoons,1
nahh,1
thieving,1
abound,1
unlimited,1
favour,1
accomplishment,1
cannabis,1
servic,1
ppls,1
someth,1
gawddddddd,1
sliverhawkthe,1
educative,1
vacancy,1
hawkmy,1
laterl,1
tbt,1
accelerate,1
amvca,1
ment,1
hawksreformjabanks,1
votron,1
heartbreaking,1
ten,1
heshe,1
exist,1
favouritesits,1
silverbird,1
delayed,1
hawki,1
gforce,1
arrea,1
arrears,1
saturdays,1
boonsilverhawk,1
hawkand,1
cowboy,1
deeply,1
lingered,1
finan,1
interactiveits,1
hacking,1
trakit,1
shipment,1
fya,1
rebuilding,1
reformjabanksaccess,1
barely,1
fucking,1
lmfaooo,1
wond,1
visitation,1
highlights,1
therapy,1
csocpet,1
organi,1
fiiaam,1
emphasized,1
lolno,1
relieving,1
ce,1
youngsters,1
chigozie,1
grt,1
alwz,1
lwkmd,1
piggybank,1
longtime,1
impacting,1
foundry,1
mobi,1
jm,1
filli,1
bvni,1
osayi,1
inspirational,1
shebi,1
fraudulently,1
masquerading,1
wck,1
corpe,1
george,1
nana,1
afriyie,1
upsa,1
vp,1
arrived,1
tablewhich,1
predebited,1
slacking,1
tackle,1
deductible,1
sl,1
basis,1
mechanized,1
impactful,1
mercies,1
bambam,1
entitled,1
intending,1
elapse,1
yaaass,1
regionals,1
ooooooooowas,1
chisos,1
replaced,1
gulty,1
rainy,1
walking,1
moneygramwestern,1
wisdom,1
maintenancepls,1
debat,1
baseless,1
atmmaintenance,1
unde,1
dereis,1
defense,1
verif,1
tei,1
bob,1
anosike,1
staffhes,1
parading,1
dg,1
senselessness,1
artistretweet,1
stumbling,1
accountstealing,1
tricks,1
ogakpatakpata,1
mango,1
huys,1
maint,1
boycott,1
culprit,1
yesterdays,1
chopped,1
unexplainable,1
millionaires,1
creativenow,1
chatt,1
compla,1
tim,1
dyou,1
lov,1
challenged,1
iti,1
levels,1
satisfyi,1
transportation,1
fare,1
sokoto,1
explainaccesswhatsappbanking,1
unsolic,1
checkmate,1
accountwon,1
everyoneamvca,1
amapsalmist,1
penancethemovie,1
interviewed,1
spe,1
fellas,1
aaua,1
screenshots,1
seller,1
cooper,1
missed,1
kos,1
shove,1
colleague,1
queation,1
dmrt,1
readrt,1
particula,1
determines,1
prioritize,1
cozy,1
thanksrt,1
commendab,1
yourcomplaintdb,1
closedfunds,1
maplease,1
helpingcheck,1
kingly,1
nedd,1
okwill,1
prerequisite,1
confir,1
customeror,1
gentle,1
mann,1
oy,1
oooooooooo,1
cac,1
differentthank,1
acctb,1
frigging,1
speech,1
china,1
transferr,1
replyy,1
messagee,1
wehdon,1
sah,1
tooi,1
outlined,1
jargo,1
mid,1
drill,1
multiples,1
appreciative,1
donkey,1
soughtafterintegratedservices,1
doi,1
figured,1
configure,1
attach,1
okthanksshe,1
nowis,1
openill,1
enquires,1
saviour,1
lolthank,1
doits,1
wip,1
ability,1
alive,1
hiannpls,1
structured,1
intelligently,1
communicated,1
luxurious,1
thei,1
medi,1
maestro,1
blatant,1
wreckless,1
duos,1
banktelcomsupremacy,1
bulkpass,1
yaff,1
noni,1
mtnpulsei,1
pulse,1
regretted,1
limitations,1
lyi,1
soo,1
maid,1
receipts,1
proa,1
eteob,1
revisit,1
acknowledgem,1
file,1
yesterdaywe,1
shocked,1
pressing,1
unknowingly,1
occasionally,1
vol,1
pascal,1
tomorrowisherejoin,1
diamondextra,1
memoriestbt,1
hostess,1
bigg,1
tickets,1
draws,1
refers,1
mat,1
reversalthanks,1
buyers,1
sellers,1
entrepreneurremember,1
tomorrowisheretickets,1
oofor,1
consisten,1
savewhere,1
acount,1
satisfying,1
questio,1
pleasei,1
ehen,1
guysi,1
linkthank,1
pendin,1
taxes,1
crave,1
networking,1
customized,1
shirts,1
hoodie,1
hats,1
deliverable,1
hus,1
agbaragam,1
augusta,1
diam,1
conscience,1
myselfhope,1
ayo,1
startupideasadding,1
grocery,1
spokesperson,1
owners,1
olodeje,1
scale,1
celebrationthis,1
recognised,1
sexi,1
registar,1
wakeup,1
continental,1
strategic,1
analyst,1
ita,1
meed,1
mcashkeynote,1
dozierepresented,1
dept,1
covers,1
exclusions,1
screeningwell,1
tcs,1
healthextra,1
minnews,1
monthscitybusinessnews,1
shaking,1
rocket,1
families,1
influen,1
takit,1
naso,1
yap,1
allyou,1
nowthis,1
woma,1
wilderness,1
flash,1
deceive,1
prom,1
temitopeplease,1
ignoreour,1
paint,1
erm,1
demographicsmatter,1
prefered,1
independence,1
ambitions,1
iconic,1
bonuses,1
grabyourshare,1
finger,1
calabash,1
blood,1
attentionwe,1
brightfuture,1
helloopen,1
intrest,1
accountbecause,1
subbed,1
fridayyy,1
wishesi,1
appreciatemay,1
businessmen,1
havin,1
calle,1
twasnt,1
reevaluate,1
markets,1
stole,1
oduade,1
driving,1
blind,1
joinus,1
hideous,1
ste,1
rememb,1
ejikeme,1
okoli,1
challen,1
customercentric,1
thrash,1
announcement,1
targets,1
spam,1
constant,1
innovating,1
daunting,1
mastered,1
learni,1
clapping,1
watched,1
otc,1
boardcitybusinessnews,1
latestnews,1
businessnews,1
alsono,1
diamondcan,1
clock,1
episodes,1
techturks,1
jumoke,1
dada,1
designi,1
effet,1
nest,1
encore,1
disponible,1
mais,1
diligences,1
sont,1
cours,1
dveloppement,1
vertigo,1
courts,1
startedwe,1
pleading,1
disclosures,1
empathized,1
therethats,1
judicial,1
unjustice,1
absurdim,1
brotheri,1
sapele,1
branchyour,1
inco,1
downlo,1
didi,1
somethingi,1
ehh,1
flawslabelling,1
insists,1
innocence,1
firm,1
levied,1
itwe,1
updat,1
getti,1
glorious,1
dummy,1
pcidss,1
partnerships,1
discredited,1
someo,1
salivating,1
allegations,1
tier,1
unsuspecting,1
corps,1
embers,1
trouveton,1
ligne,1
infos,1
filires,1
agricoles,1
nsukka,1
oba,1
lastly,1
woud,1
worksomeone,1
corrected,1
mobileim,1
futo,1
deliberate,1
suspension,1
exclaiming,1
buhari,1
meetingwhats,1
remainin,1
eveningpls,1
oooh,1
salaryforlife,1
servicethey,1
thie,1
surtout,1
plaid,1
groupe,1
dispositif,1
offres,1
financier,1
larne,1
bureau,1
dimplmentation,1
pilote,1
poursuit,1
ses,1
rencontr,1
optout,1
jejely,1
pear,1
reduces,1
wout,1
ebanking,1
siste,1
serviceplease,1
realese,1
sandra,1
lil,1
jobthis,1
developmentif,1
mounta,1
lesson,1
bankwhen,1
sahara,1
reporters,1
dupe,1
threadnigerian,1
simi,1
davies,1
yup,1
backskool,1
boli,1
roast,1
groundnutbeyondbanking,1
orphana,1
mouthorgan,1
embassy,1
nurse,1
bounced,1
fsda,1
bankingdiamondbankng,1
obey,1
nai,1
lounger,1
rulerthrowback,1
odds,1
develop,1
drops,1
attain,1
divided,1
parts,1
bands,1
endured,1
underway,1
domiciled,1
yola,1
marketed,1
ugochukwuirechukwu,1
differentiated,1
regime,1
colours,1
ensuring,1
route,1
bayelsa,1
sani,1
abbas,1
mujittapha,1
hassan,1
reap,1
facilities,1
elim,1
uswe,1
causedmay,1
ladys,1
youreformjabanks,1
adaoninstagram,1
shizz,1
meetleoleoonwhatsapp,1
lala,1
apprehend,1
liable,1
colleaguethe,1
untraceablei,1
ajiwe,1
motivationalquotes,1
motivationalspeakers,1
businessopportunity,1
implementation,1
becau,1
consequences,1
mydiamondada,1
study,1
selli,1
knocked,1
applink,1
subjected,1
marry,1
za,1
revolutionalize,1
bankin,1
yan,1
kulikuli,1
clause,1
takers,1
availablewhy,1
adaand,1
amaka,1
dn,1
liars,1
nnaji,1
gabriel,1
terminals,1
waiving,1
corrupt,1
hasannounced,1
partnershipwith,1
giant,1
enterp,1
habi,1
outlook,1
breadth,1
narrowed,1
anticipa,1
auditing,1
onget,1
stateme,1
arrogance,1
defined,1
sounding,1
smug,1
lookit,1
bo,1
emefiele,1
explains,1
infraction,1
adai,1
exmdceo,1
gubernatorial,1
yi,1
gade,1
repatriations,1
conclusions,1
begun,1
engage,1
factually,1
incorrect,1
akpapava,1
frowns,1
contempt,1
proceedings,1
nosedived,1
ot,1
pgds,1
employed,1
cows,1
fraudendbankingfraud,1
emotionallynow,1
banging,1
poi,1
cutefunny,1
convincing,1
geniuses,1
split,1
sphere,1
npower,1
carefree,1
withholding,1
neith,1
immediatelybunch,1
ripoffs,1
thrown,1
consta,1
throw,1
agreement,1
guarantees,1
throatthe,1
sev,1
colefied,1
dts,1
trnsf,1
legiti,1
cvs,1
discipline,1
shioooor,1
perspectivecommentary,1
actio,1
ibtc,1
resolveacct,1
chib,1
celestine,1
ooowow,1
namechilaka,1
ikennaaccount,1
okaforcha,1
chukwunonso,1
fabian,1
okaforchafabiancom,1
obline,1
ogunbadeniyi,1
bamidele,1
ratchedness,1
injust,1
initiall,1
occurred,1
dmthank,1
sacked,1
delivering,1
victim,1
kiny,1
cardsi,1
replacing,1
succeeded,1
erecharge,1
unavailable,1
dbbill,1
paymbppmtn,1
iyana,1
ipaja,1
ayam,1
weeh,1
bah,1
confi,1
omeke,1
clement,1
approve,1
arrangement,1
fancy,1
awkward,1
uch,1
sentkindly,1
samethanks,1
backim,1
dmwaiting,1
decide,1
awake,1
nane,1
eugene,1
charles,1
reactiva,1
fulfil,1
dreamgot,1
beneficiaryodiase,1
uwagboe,1
kachiaroadkadunamyecobankexperience,1
nonsa,1
pedro,1
aghedo,1
soulmusicincsmicom,1
presume,1
syst,1
doctor,1
rere,1
dmfollow,1
immense,1
sees,1
meam,1
implicated,1
misspelling,1
overnight,1
abeegi,1
database,1
wou,1
representatives,1
strictly,1
interrogating,1
irregularities,1
baffled,1
supervisorwas,1
questioning,1
shopped,1
kindy,1
gwagwalada,1
wrongs,1
chatted,1
accordinglywill,1
duely,1
dayplease,1
ooooooooooo,1
broker,1
rejected,1
smsyour,1
unsuccessf,1
tolulope,1
olayinka,1
omotoyinbo,1
akpakpava,1
severallyi,1
caccount,1
replyingbelow,1
shortcode,1
compact,1
appim,1
yaaaay,1
getcashback,1
africanculture,1
xpressknowledge,1
financialinclusion,1
financialeducation,1
agents,1
orya,1
french,1
guyhe,1
economics,1
bankseverythi,1
spokes,1
yaay,1
secured,1
enemy,1
uninterrupted,1
jah,1
loss,1
berger,1
dere,1
casualties,1
maami,1
retrain,1
snobbish,1
pleaseeeeeee,1
kie,1
commends,1
ignorant,1
greedy,1
rese,1
approachable,1
shoute,1
oando,1
vap,1
del,1
looki,1
units,1
airconditioning,1
reactivation,1
seize,1
abraham,1
adesanya,1
estate,1
voil,1
manire,1
pv,1
nia,1
rampage,1
philip,1
protocol,1
myteam,1
fullyoperational,1
bruhaha,1
madina,1
expl,1
greedpeople,1
scooping,1
fireshare,1
viewspunchnewspaper,1
refu,1
hig,1
sets,1
manageme,1
roads,1
sirens,1
passgreat,1
inflammable,1
wassup,1
loldont,1
sorrya,1
burining,1
jok,1
hlp,1
lostand,1
lord,1
razes,1
seing,1
effectively,1
task,1
inferno,1
tracenaija,1
eve,1
lasg,1
doin,1
xpresspoint,1
twalle,1
wellmy,1
ridbay,1
spa,1
treatments,1
ecobankcard,1
folksa,1
coolest,1
folksmature,1
hood,1
sharply,1
glover,1
ip,1
metwork,1
sonce,1
morningdid,1
tranfer,1
goabg,1
tarnishy,1
stressfree,1
hols,1
unwilling,1
cebihs,1
muchjust,1
flags,1
giveawaypromocitybusinessnews,1
ecobankthe,1
appropriatelygracias,1
companys,1
nowits,1
fcbm,1
talented,1
rogue,1
cleverly,1
appeals,1
resolutionbut,1
responsepls,1
asapits,1
fifteen,1
baucho,1
whatsap,1
vail,1
failedthanks,1
difficulties,1
default,1
artistes,1
launces,1
london,1
fcmbflexx,1
finale,1
whopping,1
ogbeni,1
ayyyyy,1
againdays,1
courtsey,1
adonbelieveit,1
deepen,1
inclusiveness,1
nmillion,1
padi,1
gifted,1
shallow,1
clap,1
backs,1
license,1
cobbler,1
crotchet,1
boast,1
hustling,1
synergy,1
controlling,1
stake,1
expanded,1
yy,1
angry,1
workings,1
trump,1
olalekan,1
okusan,1
trophies,1
seamaster,1
ittf,1
untill,1
publ,1
kedco,1
tok,1
trailblazer,1
bouquet,1
mybankandi,1
delivers,1
eps,1
yoy,1
areasimpairments,1
moderated,1
datei,1
repeatedly,1
fcmbmillionairepromo,1
aite,1
designingfcmb,1
flexxyourcreativitydont,1
rightful,1
bants,1
ove,1
overseas,1
exhibition,1
faci,1
therewant,1
continues,1
detailspowerupweeklytrivia,1
symposium,1
itgot,1
quits,1
artistry,1
mil,1
acknowledg,1
spnk,1
factory,1
stocks,1
jumps,1
srevvat,1
chrgs,1
locally,1
deceiving,1
complicated,1
costomer,1
representati,1
hypocrisy,1
bussiness,1
deeper,1
vacation,1
selects,1
subscriber,1
throwback,1
techpointinspired,1
troll,1
carton,1
malt,1
ceos,1
turns,1
voted,1
asa,1
appologies,1
supp,1
bruva,1
graduation,1
decorder,1
freedeliveryonkonga,1
jumiabig,1
omg,1
spammed,1
compete,1
imillion,1
permanently,1
edakun,1
werewolf,1
searcher,1
wyning,1
nawhat,1
overcoming,1
barriers,1
inec,1
doobairollon,1
wednesdaywisdom,1
hitswednesday,1
saraki,1
ohappening,1
raffle,1
adegoke,1
inquiryrequest,1
talks,1
taiwo,1
armsplease,1
refuses,1
trash,1
tomorrows,1
bidding,1
shitty,1
intrainter,1
progresses,1
unleash,1
legend,1
satchmo,1
jazzlegend,1
trueverve,1
portalits,1
optionyou,1
goodness,1
safely,1
pension,1
steals,1
moses,1
avoidable,1
disservice,1
electronicthieves,1
software,1
tod,1
peopleyen,1
recruiting,1
targeting,1
coz,1
humorous,1
captured,1
cle,1
quotes,1
bracket,1
nedu,1
clown,1
gained,1
ytdcorporate,1
disclosurethe,1
boa,1
presenting,1
obj,1
promoting,1
adultery,1
prostitution,1
insensitivity,1
immorality,1
warris,1
diversity,1
insen,1
edith,1
okosun,1
fundingseries,1
congratulation,1
rationing,1
peoplereal,1
hasty,1
asika,1
methods,1
circular,1
ejoor,1
mrolatunji,1
adekoyathe,1
broad,1
eduload,1
eduportal,1
advertise,1
prod,1
addressed,1
msk,1
assi,1
scores,1
nominations,1
naijavirals,1
smeng,1
dmits,1
owning,1
lateef,1
olamilekan,1
gratefulif,1
cleared,1
lolthey,1
chats,1
becareful,1
accnamechukwuemeka,1
odilichukwu,1
fidelisaccno,1
numb,1
omolaiye,1
paulaugust,1
prog,1
herewanted,1
europe,1
recieve,1
yesterdayhere,1
thankshow,1
paidi,1
participated,1
predictionsso,1
yusuf,1
uthman,1
feedbacks,1
uhmm,1
unrelated,1
bestnaijas,1
min,1
stanleyonyilimbacom,1
rech,1
abudu,1
mcotabukocom,1
expi,1
texti,1
regularly,1
yesterda,1
morethan,1
okechukezcom,1
gent,1
provid,1
firstmonieagent,1
firstmoniepos,1
desirous,1
furthering,1
sequel,1
termination,1
fbninsurance,1
sav,1
pro\\\fs\ill,1
mekindly,1
ilori,1
dormicillary,1
diasporabankingcommine,1
bimboajilogbacom,1
involves,1
questionswhat,1
augustthanks,1
hav,1
reactivating,1
annum,1
tenure,1
firsbank,1
inputting,1
chall,1
blessingapologies,1
olamide,1
akinolalawal,1
abimbola,1
ak,1
domicilliary,1
uyo,1
jhor,1
apprepriate,1
profbn,1
terngu,1
fanen,1
sylvester,1
hiim,1
urgentplease,1
fbnonline,1
signing,1
tem,1
hicant,1
converted,1
bly,1
seeni,1
iosthere,1
tenures,1
iinvest,1
indicative,1
static,1
fixe,1
transactionpls,1
twicewas,1
creditedassist,1
encountered,1
luroadebamikejoycom,1
gloline,1
mahm,1
nokia,1
browsing,1
opera,1
deviceplease,1
prompted,1
fflw,1
daythere,1
satisfactory,1
munch,1
detailsdiamond,1
bankprincess,1
obilor,1
numbername,1
ugorji,1
prince,1
graciousbank,1
fbnamount,1
estatement,1
enab,1
hwello,1
kubwa,1
gado,1
nasko,1
itlet,1
smetalkwithentreprenuers,1
mtcheeew,1
hellomy,1
chargeqbe,1
jun,1
olabanji,1
olalekanfromfcmbadewunmi,1
deductwd,1
unessarily,1
pmexpecting,1
participant,1
morningwas,1
transac,1
inpu,1
stil,1
smt,1
soetan,1
warrant,1
howhebe,1
beard,1
brolol,1
journal,1
convinced,1
maintains,1
titi,1
regu,1
straightforward,1
recipientbank,1
ubaaccount,1
nwobi,1
kingsley,1
ikrfirst,1
foolish,1
lmaoam,1
plshave,1
scroll,1
olalekanowolabicom,1
distribution,1
ib,1
rings,1
birthdayall,1
olukemi,1
olunloyo,1
attentively,1
irreleva,1
aspiring,1
aswear,1
orders,1
agbakoba,1
mismanagement,1
neva,1
types,1
preprinted,1
mentor,1
hero,1
achievement,1
timeout,1
cherished,1
everyones,1
upcoming,1
sweettalk,1
frustrat,1
giveaways,1
entertainm,1
reliablitystabilitysecurityprofessionalism,1
bankingexcellence,1
blowing,1
yipee,1
fireside,1
enjoyable,1
presented,1
rockswow,1
bankchatting,1
satisfy,1
tickling,1
nerves,1
imparted,1
crooner,1
incharge,1
appreciation,1
tweetdisclaimer,1
shaaa,1
greatid,1
sele,1
supports,1
jointhetrainyoufirst,1
jigsaw,1
genius,1
ngr,1
yewandezaccheaus,1
lovalova,1
challengers,1
flows,1
firstbankinunilag,1
withdrawalhow,1
hire,1
lawyerpick,1
battles,1
simplified,1
checkout,1
employing,1
othersas,1
creator,1
elders,1
niyen,1
keyword,1
mornini,1
attendance,1
notificationkindly,1
assistthanks,1
esqif,1
papers,1
dignitarie,1
alreadyawwwwnnnnnnnentrepreneurkonnect,1
digitaldisruption,1
closes,1
happeningnowthe,1
mindsetpowered,1
campustorm,1
guru,1
styleentrepreneurkonnect,1
campusstormentrepreneurkonnect,1
deceived,1
billiard,1
tabl,1
readyambience,1
spacegamesfrom,1
earlierits,1
marcel,1
chinedu,1
topno,1
namefirstbank,1
tuale,1
splendid,1
travels,1
fm,1
wale,1
popopo,1
naijas,1
centricity,1
fount,1
bankingmaking,1
strides,1
firstbig,1
reliability,1
stability,1
restyoufirst,1
easyyou,1
grounds,1
elderthe,1
youfirstfirstandstillthebestbankfantastii,1
yaaay,1
weredigitalnow,1
innovatively,1
envelop,1
bankingelders,1
pioneer,1
alwaysthefirstyoufirstdigitalbanking,1
firstyou,1
ideagreatly,1
curve,1
prediction,1
resultsabi,1
toyed,1
iq,1
coment,1
operatn,1
interrupted,1
firstbankfriday,1
lip,1
bono,1
litigation,1
extortionist,1
withhold,1
lessons,1
hotr,1
seminar,1
dad,1
pastor,1
baptist,1
lee,1
ave,1
lafayette,1
breakthroughscustomers,1
delight,1
yawa,1
abjima,1
mf,1
blast,1
feeling,1
remorse,1
whataappfanimumuney,1
chumezi,1
organize,1
lasu,1
desires,1
wishesyoufirst,1
jointhetraintrulythefirst,1
facilitating,1
visi,1
vowed,1
foureyedway,1
viable,1
businessesdear,1
joining,1
multipurpo,1
opportunitie,1
jokesammultipurpose,1
goodevenin,1
xplo,1
addict,1
paltformdigitaldisruption,1
senseno,1
straying,1
eku,1
ise,1
shii,1
authentik,1
breeds,1
mantle,1
bokanarewa,1
iuoarewage,1
mumu,1
bankim,1
themtheyre,1
organise,1
policyespecially,1
solidarity,1
bariga,1
dispensers,1
givenbe,1
deliversmeconnectseries,1
aims,1
establish,1
coalition,1
resilient,1
curb,1
healthy,1
llc,1
consu,1
authenticity,1
originality,1
sales,1
facilitator,1
enterpris,1
underprice,1
apt,1
smeconnectseriessee,1
keen,1
nev,1
queries,1
whatsappdont,1
realti,1
treatment,1
implements,1
peculiarities,1
recognisable,1
orisirisi,1
firstd,1
continualy,1
dominate,1
weareproud,1
customersyoufirst,1
copper,1
digitalbank,1
leaders,1
everythingwhile,1
launchwe,1
brainy,1
beautifu,1
superwoman,1
addressing,1
smeconnectserieshope,1
redtshirthumour,1
savingseven,1
oohh,1
rsvp,1
bimpreneur,1
growyourbizng,1
facilitators,1
ranti,1
trekking,1
kiakia,1
timegood,1
legs,1
irin,1
israeli,1
lobd,1
behold,1
kickoff,1
tanx,1
wawuuu,1
produced,1
trek,1
wawude,1
ontop,1
grants,1
creatives,1
entrepr,1
conducted,1
entr,1
concentrating,1
eventful,1
mrsyewande,1
zaccheaus,1
akin,1
nr,1
signify,1
networ,1
pon,1
passionate,1
fronts,1
suppo,1
akokites,1
seasoned,1
rappers,1
designers,1
fip,1
understands,1
coll,1
lagosshioor,1
anambra,1
storming,1
itcampustorm,1
mix,1
deliveries,1
studentsthird,1
studentsyoung,1
environs,1
diaris,1
slipperthe,1
delaying,1
oooohhh,1
hiaan,1
ice,1
pinned,1
followentrepreneurkonnect,1
performances,1
recovers,1
stronger,1
noninterest,1
scammersduring,1
fifa,1
cupu,1
rew,1
nnamdi,1
amadi,1
shellhumanresourc,1
increasing,1
dormantyour,1
motivational,1
xpl,1
cosmas,1
maduka,1
nightingale,1
thes,1
lolzshow,1
godont,1
ibukkun,1
awosikard,1
otu,1
openi,1
downmy,1
welcomi,1
reflection,1
truer,1
spin,1
env,1
requisite,1
mannerthen,1
shouldn,1
awaytheentrepreneurmindset,1
valsabic,1
babajide,1
ipaye,1
profitable,1
ibunkun,1
lounge,1
thered,1
bankng,1
coaches,1
sneak,1
peek,1
rapbattle,1
awww,1
entertaining,1
powere,1
okpa,1
businesshas,1
involvingit,1
funand,1
exerciseyour,1
instinctsjoin,1
reaches,1
sefunye,1
oladele,1
politics,1
mainstream,1
distraction,1
skinny,1
jean,1
pliersmore,1
harder,1
havejoin,1
souljoin,1
multipurpose,1
reinstalled,1
accoubt,1
agabaya,1
shu,1
registe,1
aliiko,1
waka,1
otukpo,1
separated,1
reproduce,1
adidas,1
adida,1
nefarious,1
fbnholdings,1
itwhile,1
plug,1
princess,1
mena,1
legbegbeoya,1
legbegbeunilag,1
legbegbeandroid,1
dele,1
momodu,1
ash,1
gracias,1
looted,1
firstinstant,1
xplorer,1
improved,1
halfyear,1
overtakes,1
getrepostits,1
entrance,1
akokite,1
nonperformingloan,1
darkcloud,1
ps,1
airpods,1
unil,1
dearpls,1
fraustration,1
ndly,1
recy,1
oon,1
pole,1
possess,1
gothe,1
organized,1
incoherent,1
unexplained,1
accountits,1
needle,1
floor,1
kolanut,1
rich,1
momentum,1
lecturers,1
derive,1
equation,1
assignment,1
tanks,1
inlaw,1
gojoin,1
original,1
reekadobanks,1
azealia,1
firstb,1
taught,1
brah,1
tobi,1
comi,1
consciously,1
carried,1
agbani,1
garriki,1
hotels,1
cutix,1
rak,1
unity,1
holt,1
upkeep,1
rents,1
thenplease,1
tally,1
erp,1
genevieve,1
gmat,1
marvelous,1
azinn,1
fortitude,1
nurture,1
shift,1
fridayregister,1
lifedo,1
nurturethe,1
marriage,1
lasan,1
brides,1
combo,1
boil,1
coconutjoin,1
trainin,1
extinguisher,1
smecon,1
measure,1
sociologist,1
kasala,1
burst,1
endeavor,1
relating,1
whereand,1
fbk,1
eyin,1
recived,1
langer,1
employers,1
ohyou,1
mc,1
laughter,1
medicine,1
laff,1
biggerjoin,1
decode,1
glasses,1
birthdayjust,1
busywin,1
tallyerp,1
priceenjoy,1
copiesempowerment,1
political,1
religiousagm,1
bigger,1
hellur,1
invitation,1
noregister,1
aircraft,1
focusing,1
gainsbuilding,1
goodwill,1
yesso,1
trainingme,1
ogbenii,1
dobale,1
orien,1
zeal,1
theft,1
gutter,1
fufu,1
knife,1
fork,1
yooba,1
ud,1
influncer,1
legbegbejoin,1
teacher,1
laddera,1
significant,1
naturally,1
followjoin,1
goodsservices,1
margin,1
preparation,1
todayjoin,1
df,1
knowat,1
quilox,1
somolu,1
circa,1
ordo,1
humanresourcescom,1
zenithdirectcom,1
oth,1
ben,1
langat,1
legendairy,1
craft,1
dealing,1
rel,1
competitors,1
rendering,1
mahelp,1
workersbank,1
codep,1
knowhave,1
drawyou,1
lastbank,1
standingi,1
relative,1
contribute,1
pitching,1
accountn,1
smsif,1
oooooooool,1
trainings,1
plateau,1
align,1
supplier,1
kikikiki,1
oyaaa,1
brains,1
size,1
dictionary,1
variations,1
scaleup,1
scope,1
eyeweydontearreachback,1
grindif,1
thisensure,1
noodles,1
grab,1
ia,1
production,1
equipments,1
essential,1
oils,1
herbal,1
releases,1
dipped,1
differentiate,1
noteknow,1
moneythen,1
multitasking,1
wellthen,1
nottooyoungtoyap,1
wrap,1
hay,1
iron,1
nepa,1
asoebi,1
todayi,1
pizza,1
firesidechat,1
encounter,1
smartest,1
finishes,1
uniqueness,1
lai,1
dictionarytoo,1
fajust,1
gudmake,1
secr,1
airtimeglomobi,1
payin,1
fav,1
discountnoun,1
dskantmeaning,1
priceexample,1
legacy,1
superior,1
mediocrity,1
mosl,1
nowtried,1
fone,1
reaso,1
youthey,1
retrieval,1
mefirstbankisafraud,1
nvr,1
anytg,1
scamalert,1
contactgovng,1
poolside,1
suddenly,1
firstm,1
meagre,1
bismarck,1
rewane,1
derivatives,1
financing,1
gap,1
microfunding,1
bk,1
issuea,1
treatedi,1
transactionmy,1
detailsbello,1
kabir,1
aacct,1
nodate,1
disappoint,1
numberthe,1
olaiya,1
abduljelil,1
dmgood,1
alerting,1
typing,1
bitter,1
firstba,1
kc,1
gam,1
daysit,1
april,1
soil,1
plantwhen,1
zenvus,1
wao,1
hilton,1
changers,1
economic,1
meaningful,1
collateral,1
fgn,1
bond,1
patrick,1
dogo,1
allllllll,1
lolzmine,1
agoand,1
yt,1
responseur,1
okey,1
punish,1
teasers,1
monthor,1
rectification,1
plat,1
microsecond,1
monthit,1
recited,1
poem,1
siphon,1
amountnumber,1
fama,1
invconvenience,1
countdowntoncoy,1
heir,1
debuted,1
trophy,1
reckless,1
bonanza,1
shoutout,1
discussim,1
politely,1
checkit,1
hourssavethepoor,1
abu,1
restates,1
capitalrequirement,1
mute,1
credite,1
bcountried,1
invented,1
lcc,1
firstmobilethank,1
embarrassme,1
akangbe,1
enoch,1
ayobami,1
orhers,1
thier,1
scrutinize,1
charg,1
firstok,1
procrastinatn,1
salient,1
featureit,1
procrastinate,1
actualisatn,1
targetsgoals,1
ambition,1
sinceeeekindly,1
reco,1
mud,1
smartabohcom,1
moderator,1
helpill,1
saturda,1
abo,1
deposits,1
indeededucation,1
inputt,1
nelson,1
mandela,1
reception,1
crazywhy,1
sweat,1
annoyingsame,1
issuekindly,1
pleaseem,1
oohthere,1
refundhaba,1
shuuuu,1
barking,1
wro,1
guyshave,1
crapthey,1
itive,1
nir,1
miniutes,1
moti,1
workout,1
morningtill,1
purchases,1
firstbankisafraudfirstbankisafraud,1
complaintsreformjabanks,1
kusimo,1
waheed,1
twic,1
hommie,1
gettired,1
cue,1
shamelessbank,1
robbing,1
enjoyment,1
guddaypls,1
spending,1
impunity,1
corruption,1
forgery,1
awwwn,1
ndo,1
dearthey,1
nowprobably,1
isare,1
septusing,1
usiusing,1
titles,1
ntwrk,1
youlast,1
kamela,1
underwrite,1
opting,1
reformyou,1
dole,1
neh,1
cried,1
skeptical,1
agenda,1
deliberately,1
programmed,1
timeand,1
daysput,1
subs,1
helplessly,1
sail,1
feign,1
champs,1
barka,1
salah,1
merry,1
handleri,1
samecheats,1
mayfair,1
chosen,1
volcanolove,1
tinubu,1
awooffor,1
sud,1
peopl,1
billgates,1
malf,1
cfas,1
theme,1
proudly,1
thisim,1
eze,1
chima,1
gerald,1
firstbankreturnmymoneyfirstbankreturnmymoneyfirstbankreturnmymoney,1
displeasure,1
injustice,1
meted,1
tasted,1
bfornice,1
amalathis,1
bayo,1
stuffs,1
perusal,1
awosunmi,1
olawale,1
itreformjabanks,1
aliyuisamohdcom,1
aliyu,1
laila,1
isahs,1
reci,1
nairabet,1
plazathe,1
stairway,1
filthy,1
disgusti,1
corre,1
abandon,1
cals,1
pressup,1
statu,1
throug,1
bounce,1
casmwf,1
waymanner,1
conducting,1
golfers,1
worldwhile,1
elses,1
yesterdayrecharged,1
continued,1
diligent,1
communication,1
emodi,1
franci,1
fakefirstbank,1
spo,1
buyperfectsummerfit,1
regulators,1
hook,1
hafa,1
inboxi,1
matriculate,1
mee,1
gbege,1
shoot,1
babykeep,1
yhnext,1
holla,1
degree,1
fews,1
vai,1
bitterly,1
debated,1
spends,1
visits,1
hve,1
nipls,1
leoonwhatsappso,1
amakaonwhatsapphaa,1
mogbe,1
sites,1
ensures,1
smooth,1
selection,1
apologise,1
ewedoma,1
oki,1
answera,1
rponse,1
yeppp,1
bmins,1
aminutes,1
harm,1
firstbanknairamastercard,1
limitat,1
umpteenth,1
whalia,1
avai,1
airtimeairtel,1
yugoslav,1
finacles,1
solutions,1
balkansadlbaniabosnia,1
herz,1
whatsappis,1
jealous,1
oooowe,1
leoonwhatsa,1
burmamyanmarcentral,1
repub,1
tranxn,1
caller,1
startime,1
customr,1
consultant,1
tal,1
installing,1
allot,1
plx,1
firsty,1
isa,1
bdae,1
disputed,1
wdl,1
kuchikau,1
josad,1
mfb,1
nasarawa,1
wield,1
osogbo,1
branchthank,1
attituderesponse,1
boat,1
hahaa,1
differ,1
acceptable,1
olowo,1
bover,1
pardon,1
interruptioni,1
traditional,1
backfirstyou,1
disqualified,1
glomobil,1
glom,1
glomo,1
migration,1
technologyoriented,1
manpower,1
spearheaded,1
financially,1
concentration,1
geared,1
towardsfinancial,1
threat,1
popquiz,1
gbe,1
somethings,1
iyioluwa,1
flutterwave,1
inclusi,1
moderates,1
traditi,1
uptill,1
enterprises,1
retail,1
ncoy,1
teams,1
oi,1
productive,1
theinvestmentsociety,1
thecolloquium,1
strange,1
accountbut,1
detect,1
snap,1
youbut,1
enabled,1
yeahthank,1
cheek,1
score,1
uou,1
yday,1
osun,1
oyes,1
creditedplz,1
athink,1
reversalyour,1
caspmp,1
declined,1
guysbut,1
suffer,1
urgentis,1
rescind,1
deductd,1
dam,1
accounti,1
helloyour,1
entertainment,1
peop,1
successfu,1
ignor,1
johnson,1
clar,1
consequence,1
devestating,1
william,1
cashed,1
linesend,1
stunt,1
button,1
gree,1
crc,1
reflecti,1
fault,1
relay,1
regularl,1
debitedno,1
det,1
moneyi,1
hide,1
topup,1
accessible,1
properly,1
uw,1
yesits,1
respsond,1
aboutn,1
frankly,1
authoritativ,1
frys,1
concept,1
animashaun,1
tekena,1
inre,1
ibiene,1
youguys,1
replyingcant,1
onlinetransactions,1
wanto,1
youyoufirst,1
donethanks,1
twiceeac,1
openly,1
deducte,1
respose,1
starts,1
youthe,1
morningam,1
guyzmeanwhile,1
kabiru,1
tunde,1
oyeniyi,1
occassions,1
jalingo,1
casggs,1
promis,1
previos,1
migrating,1
lieu,1
infoacc,1
thursdayi,1
debitedof,1
wildfire,1
yrsreactive,1
auwal,1
iton,1
complainthat,1
youit,1
intersecting,1
repeating,1
tagg,1
unprofessional,1
xxx,1
alread,1
accountdateamount,1
nights,1
firstbanka,1
youhave,1
regarded,1
abortive,1
informations,1
warded,1
activations,1
formsfbamfbamfbam,1
cryi,1
yesterdaypls,1
fbnabdullahi,1
abdulwasiuc,1
narration,1
settled,1
respo,1
itgo,1
divulge,1
dangerous,1
requestedcomfirm,1
sorting,1
udu,1
felixachonucom,1
descending,1
tagged,1
retracted,1
blessup,1
endures,1
duplication,1
coomasie,1
hammed,1
saheed,1
olasunkanmi,1
matteri,1
involve,1
authorities,1
amamount,1
nphone,1
sango,1
otta,1
sor,1
compliments,1
cutoff,1
bounces,1
interactive,1
worthy,1
celebrate,1
religious,1
seethey,1
mtnwhen,1
corporation,1
reversedplease,1
reversals,1
availab,1
produc,1
disabled,1
simultaneously,1
bombarding,1
primary,1
tipi,1
goto,1
gullible,1
closest,1
onipanufadeyi,1
xoom,1
listed,1
centers,1
eventual,1
tbills,1
tenors,1
replykindly,1
kinky,1
awotodunbo,1
bukola,1
nike,1
septemberno,1
reversalterrible,1
ooill,1
rake,1
caslwj,1
unsatisfied,1
firstdat,1
ws,1
mes,1
miscalculation,1
christiana,1
gtbamount,1
accstanbic,1
bankisichei,1
esther,1
adaobiamount,1
firwtbank,1
bag,1
snatched,1
itkindly,1
pieces,1
therei,1
youthank,1
aa,1
ikedc,1
mete,1
usefulness,1
gaan,1
toogod,1
officialdjsammycom,1
oui,1
cardthey,1
buh,1
sorryi,1
oits,1
okolieaccount,1
firs,1
mudarshomcom,1
whatu,1
whatyou,1
alreadyhere,1
equals,1
revival,1
references,1
nowi,1
managed,1
hitch,1
repayment,1
instigate,1
bankwar,1
staywokenigeria,1
lagosbyyommy,1
mtnyellotopten,1
fadesandbangs,1
faajifriday,1
goat,1
pinch,1
ahhhh,1
tamuno,1
suing,1
eet,1
dia,1
thecliqueafrica,1
catchup,1
lev,1
abel,1
stroll,1
hr,1
strolling,1
wisen,1
broa,1
sohow,1
cashout,1
youcashout,1
atleast,1
thanking,1
hanty,1
shouting,1
fess,1
defections,1
catholic,1
nawah,1
mbok,1
efcc,1
rerin,1
whata,1
blundersma,1
ara,1
insert,1
aspa,1
todayits,1
lmaoooooooo,1
examiner,1
chief,1
alli,1
customerserviceng,1
customerservicenigeria,1
jacobfromarik,1
chidinmafromgtb,1
quietly,1
shuuu,1
badoreh,1
pressplay,1
nigerianwomendiary,1
yesooo,1
oyin,1
jolayemi,1
pressed,1
genuine,1
properties,1
customerslevelup,1
artiste,1
decent,1
turnup,1
sheb,1
issorite,1
noting,1
punished,1
soonest,1
ogacalm,1
hiking,1
ignores,1
solid,1
tiwa,1
labelled,1
encouraging,1
coachingcounselling,1
owm,1
bizness,1
headset,1
workhardplayhard,1
relax,1
tasere,1
tainx,1
partic,1
dayregrann,1
gbagbe,1
boredomgokillperson,1
swimming,1
jollof,1
diced,1
tilapia,1
peppered,1
kponmo,1
solidly,1
menswear,1
womenswear,1
footwear,1
getaway,1
sex,1
mararaba,1
loveondo,1
litthanks,1
ace,1
borncrea,1
osaretin,1
demuren,1
idaf,1
nicekudos,1
teamgtb,1
energypoverty,1
solvable,1
problemendenergypovertysustainabledevelopmentsdgsdg,1
garbage,1
walahi,1
energyaccess,1
reducin,1
iseoluwa,1
applicati,1
dispute,1
kanocitygates,1
itto,1
communi,1
frypan,1
cough,1
chrg,1
warri,1
played,1
commu,1
links,1
virtualreality,1
coy,1
digitize,1
challe,1
djvenumworldrecordkindly,1
zvz,1
zzzz,1
routingabaswift,1
forgiven,1
ahhh,1
stopping,1
mah,1
oau,1
stroke,1
mingler,1
rating,1
limitless,1
airbreathed,1
statemen,1
disguise,1
oriented,1
childhood,1
recyclng,1
tops,1
sand,1
nasoooall,1
gtbankeasy,1
partially,1
entitlement,1
complacency,1
trumped,1
communit,1
awesomeand,1
babatunde,1
spoiling,1
limmi,1
reponse,1
pai,1
protection,1
smallchangebigimpact,1
internally,1
wante,1
gtbankreturnmymoney,1
exhibit,1
returncredit,1
governance,1
highlight,1
happeningmy,1
yesterdaycan,1
carefully,1
youproject,1
customersthat,1
losing,1
technological,1
moneydepositors,1
ibiremilekun,1
depositors,1
bother,1
palace,1
amuwo,1
pristine,1
arranged,1
friendsvoting,1
cared,1
retry,1
bungalow,1
borizlol,1
campclick,1
search,1
mailing,1
entirety,1
vot,1
junjultf,1
wasters,1
crush,1
wcw,1
supportive,1
kayodemed,1
fef,1
decipher,1
othey,1
societal,1
genera,1
providin,1
uzicollections,1
pleasant,1
socalled,1
insatfam,1
daysthumbs,1
googles,1
searchtwitters,1
bankinggreat,1
watchmr,1
occupies,1
manag,1
allah,1
amin,1
rece,1
gtword,1
simplechangebigimpactproj,1
passports,1
solar,1
installed,1
asin,1
remaining,1
ibafo,1
possibly,1
ogunro,1
toheeb,1
alamuwa,1
grammar,1
mvp,1
wrongfully,1
purple,1
heavy,1
clearer,1
descriptionamountvalue,1
datejulremarkssms,1
emdeetiamiyu,1
bolatito,1
oladeji,1
passcode,1
institutio,1
gtbankmaking,1
upload,1
operationthat,1
doub,1
furnish,1
kitoko,1
guaranteeing,1
autismawareness,1
slid,1
spuriously,1
shameless,1
uve,1
trace,1
preference,1
auction,1
fetch,1
websitevery,1
uiminimalist,1
jab,1
abegii,1
ampm,1
makurdi,1
neede,1
battling,1
faking,1
responsibily,1
engineering,1
fascinating,1
detailed,1
apc,1
lawmakers,1
impeachment,1
transformative,1
foreverychild,1
dozen,1
stockbroking,1
beautification,1
headoffice,1
darling,1
enoh,1
letting,1
loose,1
audacity,1
disrespect,1
moms,1
hoe,1
fabric,1
materials,1
chiffon,1
crepe,1
silk,1
organza,1
ikechukwu,1
nlemadim,1
drink,1
oclock,1
koyemi,1
greatness,1
loses,1
mentally,1
thri,1
pow,1
bannerits,1
faint,1
legible,1
suint,1
enlarge,1
pr,1
knwwhats,1
weird,1
crisp,1
paystack,1
secretly,1
recei,1
admirable,1
potentials,1
indiscriminate,1
gorgeous,1
tokensaves,1
safer,1
mendacious,1
behavior,1
tone,1
avarice,1
sedulously,1
counted,1
inclusive,1
regulatory,1
authority,1
landslide,1
victory,1
woke,1
boom,1
mtchewww,1
fates,1
bone,1
guarded,1
valuable,1
wielded,1
customersthinking,1
protects,1
mul,1
flaws,1
soooo,1
yasmin,1
elrufai,1
yelffoundation,1
literary,1
againwhy,1
collins,1
heyz,1
mohit,1
melvin,1
hits,1
jazzy,1
sleeeeeeeppp,1
giovanni,1
turay,1
tyre,1
paintings,1
ground,1
throwing,1
stones,1
promos,1
dammed,1
errand,1
minna,1
bonny,1
rogues,1
erand,1
chilling,1
groceries,1
cme,1
equivalent,1
frying,1
applause,1
commissioned,1
jet,1
godwhat,1
warranted,1
kidding,1
lose,1
lemm,1
donatetobeatcancer,1
adjudication,1
privilege,1
judges,1
linkthey,1
giveaway,1
rationale,1
toast,1
wooooooooooooooooooow,1
hardworking,1
innocent,1
oops,1
timed,1
relogon,1
accountfor,1
lmfaooooo,1
matured,1
nairasms,1
chargei,1
oooi,1
againthey,1
thinks,1
gown,1
lmfaooooooo,1
nomy,1
junjul,1
credible,1
refuel,1
hiden,1
fucks,1
ludacrious,1
alertskindly,1
transactiins,1
savagery,1
developmenttoo,1
yearshreat,1
feet,1
bette,1
accompany,1
manuscript,1
hosted,1
toomaking,1
zbnyemisi,1
rebecca,1
adeniyi,1
ymca,1
eksh,1
cherry,1
creek,1
shopp,1
int,1
subdont,1
becosi,1
stp,1
expres,1
unles,1
mbgacalabar,1
freshairgang,1
sponsor,1
yor,1
stationed,1
hows,1
buttons,1
tailor,1
kid,1
sells,1
marke,1
expiry,1
plsdo,1
anytym,1
logout,1
maintained,1
youthcentric,1
personality,1
recruitingwould,1
officials,1
preacher,1
haff,1
spoken,1
respon,1
eitherbut,1
impression,1
oyeneye,1
tau,1
cultur,1
agbaya,1
toddler,1
sibling,1
nicei,1
scored,1
wt,1
realities,1
gettingrenewing,1
passpo,1
victor,1
gofment,1
fes,1
themor,1
tear,1
weyrey,1
granted,1
wuna,1
motor,1
friendsi,1
communities,1
simplechangebigideas,1
backyard,1
officia,1
rode,1
brt,1
ramification,1
po,1
pioneered,1
newsthumbs,1
lagosplease,1
birthdayinstead,1
appointment,1
yeske,1
tipping,1
uniform,1
songhave,1
banji,1
banz,1
np,1
soundcloud,1
idonbelieveit,1
fastest,1
fingers,1
partnered,1
onebank,1
somethi,1
enquiriescustomer,1
script,1
shettima,1
bankthanks,1
commenting,1
threaten,1
clamming,1
reasongtbank,1
currentlythey,1
dist,1
ashiedu,1
joyce,1
awele,1
observation,1
ux,1
refe,1
nansense,1
printi,1
directives,1
calculations,1
forcefully,1
migrated,1
careonlinecom,1
affidavit,1
smhand,1
meanw,1
redraw,1
req,1
turnaround,1
ebough,1
accountif,1
activatedwould,1
lmp,1
apologizeplease,1
swiftest,1
selective,1
mfund,1
denied,1
kutoabeokuta,1
branchkindly,1
tope,1
popoola,1
precisely,1
ganiu,1
wasting,1
precious,1
sendin,1
proble,1
accommodate,1
lolsavage,1
notificatio,1
gtbanki,1
brandplease,1
yaraduaaccount,1
nogsm,1
mathematics,1
fgs,1
sule,1
explanatory,1
intra,1
alertbetter,1
iam,1
yaradua,1
youi,1
tutor,1
lmaoooooo,1
ji,1
masun,1
reduced,1
moneyjust,1
renewa,1
broooooooo,1
yll,1
gs,1
conventional,1
recognized,1
impatiently,1
coast,1
ironically,1
forg,1
temiloluwa,1
olagoke,1
unionba,1
smses,1
chargesi,1
twilight,1
zaria,1
functionally,1
timewaster,1
sleek,1
ani,1
bark,1
lions,1
dorm,1
ussur,1
receivable,1
kidly,1
onuoha,1
ifeanyi,1
gts,1
fail,1
gre,1
lodged,1
additional,1
tollfree,1
reaponse,1
brightest,1
chasing,1
pronto,1
signoff,1
trueee,1
diceycall,1
intelligentinnovation,1
blockedi,1
shld,1
lengths,1
nonchal,1
pulled,1
suffered,1
restricted,1
notificati,1
tablink,1
snitches,1
curiosity,1
phoneis,1
serviceaccount,1
decides,1
squeeze,1
sharethelove,1
misfortune,1
needing,1
gapslite,1
earlieryou,1
ogaao,1
tueh,1
trolling,1
nigga,1
sterlingbank,1
snit,1
lagosnigerianovernightloungemonitor,1
snazzyfadcom,1
ondo,1
voila,1
trafficchief,1
retwitte,1
socially,1
obeyed,1
clarion,1
todaythe,1
grumpy,1
proce,1
motto,1
fluctuating,1
stabilize,1
bv,1
dmd,1
transacti,1
treasuresolawunmi,1
guinness,1
marathon,1
aloud,1
bout,1
waythey,1
albeit,1
shady,1
tranche,1
driver,1
brands,1
endearing,1
sapped,1
groups,1
staffscare,1
bitch,1
shareplease,1
hugely,1
southeast,1
joornot,1
formulae,1
weydone,1
cheap,1
lati,1
gathered,1
gesture,1
oluwaseun,1
jiraya,1
conta,1
mimi,1
lilian,1
leoonwhatsapp,1
paper,1
resume,1
moodys,1
investorsservice,1
arthub,1
stilllife,1
sessi,1
membe,1
adelekemonitor,1
alart,1
farmer,1
crossed,1
understan,1
eatery,1
inflows,1
protective,1
rules,1
andor,1
sundayafternoonshownigerian,1
buharimonitor,1
displays,1
aany,1
sharrap,1
withold,1
idrisses,1
outletsfrauds,1
crimebetween,1
fiancee,1
unfollowed,1
ofree,1
helpi,1
numbermy,1
sadiq,1
costumers,1
debitas,1
bey,1
billions,1
swindle,1
silently,1
accounthave,1
timesendbankingfraud,1
wnt,1
cous,1
plasma,1
bles,1
booking,1
downloading,1
porn,1
experie,1
wireless,1
peac,1
apparently,1
roughp,1
advocate,1
officerwhats,1
sectoryou,1
disa,1
underst,1
sued,1
nikon,1
mm,1
gamehusband,1
aboutwife,1
girlfriend,1
alongjust,1
homie,1
notifying,1
devolved,1
basement,1
weekendpublic,1
holiday,1
approaches,1
positio,1
dashing,1
dust,1
permission,1
heed,1
dears,1
testimony,1
consult,1
physician,1
alteast,1
isif,1
hangs,1
payrecharge,1
ind,1
probl,1
exists,1
demonstrated,1
medical,1
neuropsychatric,1
hospital,1
mandated,1
smugglers,1
weh,1
typical,1
scenario,1
educ,1
naria,1
wrongl,1
forceful,1
chargingthis,1
robbe,1
balancing,1
replythey,1
specialises,1
med,1
bridges,1
patapata,1
demanded,1
outthanks,1
ooops,1
hurt,1
goofed,1
wouldve,1
sweating,1
reader,1
calculate,1
kiddi,1
servicei,1
accountabi,1
megaphone,1
boils,1
causewe,1
inten,1
weak,1
jeun,1
teju,1
hid,1
allo,1
accout,1
hel,1
expenseif,1
mach,1
disclaimer,1
systematic,1
errrm,1
bbm,1
tab,1
omolere,1
descend,1
nakedness,1
omolara,1
ver,1
shortcut,1
yoursel,1
enquiryqbe,1
additionally,1
oleeeeeeeeee,1
keyed,1
ethical,1
touching,1
town,1
gtbankcarescsr,1
socialresponsibility,1
ystday,1
escaping,1
patron,1
excessive,1
servicing,1
hardstart,1
funnily,1
esp,1
bola,1
ogba,1
rude,1
insultive,1
roaming,1
suprised,1
election,1
ewo,1
daadaa,1
banksand,1
spot,1
slightest,1
bc,1
agbe,1
unrivaled,1
counter,1
bath,1
lefthanded,1
peeps,1
brained,1
versa,1
eh,1
fct,1
trembling,1
guar,1
gang,1
slavery,1
gtbi,1
issueplease,1
prayers,1
akande,1
habeeb,1
aboki,1
theyd,1
jooor,1
pvc,1
regulate,1
asapyour,1
optional,1
jazzed,1
atoh,1
turo,1
muyi,1
deleting,1
kafin,1
asirin,1
tonu,1
curious,1
inherited,1
wlh,1
kuwa,1
fucked,1
majeedmaikusa,1
naijawoo,1
docs,1
autoresponses,1
temper,1
justice,1
offender,1
balancethis,1
insane,1
lionsbettrack,1
durelloomotoshantrack,1
trusted,1
loantake,1
breath,1
renmoney,1
bitd,1
insult,1
robber,1
dayive,1
replythere,1
thingy,1
blessed,1
ijn,1
micah,1
reciepient,1
imabong,1
etim,1
okon,1
frnd,1
unauthorized,1
executed,1
suspiciously,1
aided,1
yeahits,1
sufficient,1
kno,1
goodday,1
gaps,1
mmobile,1
mtcheeeew,1
lemee,1
endeavors,1
station,1
boxers,1
backpls,1
boughttheyve,1
gtconnect,1
transition,1
nowwhat,1
arou,1
standbic,1
ingenious,1
becaus,1
communicate,1
paga,1
collections,1
greediness,1
jamaica,1
cell,1
serviced,1
resolvedkindly,1
glare,1
primitive,1
roboti,1
brn,1
uncredited,1
thisthanks,1
messagetell,1
ears,1
subscriotionthank,1
cap,1
balanceu,1
bvnu,1
geology,1
yorub,1
placing,1
restric,1
scholarship,1
wlcm,1
servants,1
errors,1
browse,1
wrote,1
settling,1
endbankfr,1
wehdone,1
ekedc,1
nipple,1
storie,1
tosho,1
net,1
replyif,1
feelings,1
inverted,1
commas,1
advancement,1
needfull,1
uber,1
herejust,1
thanksit,1
inquiries,1
assisting,1
washtheres,1
balances,1
boysend,1
nowww,1
yourmessage,1
frustrating,1
fakecurrency,1
ebranch,1
shoddily,1
cut,1
handwritten,1
prompting,1
resque,1
unauthorised,1
sirs,1
akpomerha,1
bitcoin,1
reconnect,1
bed,1
lifted,1
interaction,1
ivwas,1
spite,1
realloc,1
uneccessary,1
boxes,1
demonize,1
rightmy,1
cardit,1
acknowl,1
custom,1
principal,1
mtu,1
resp,1
unwanted,1
manycc,1
submit,1
yaba,1
branchi,1
reversedpls,1
solely,1
functionality,1
wura,1
fadaka,1
alertnaira,1
wch,1
talkin,1
yasefs,1
brosyou,1
iff,1
assisted,1
specially,1
azin,1
reformnigbanksstopbankcharges,1
complaintor,1
bankam,1
ditching,1
robotic,1
apapa,1
transfe,1
irrespective,1
swiftbic,1
bankopened,1
massage,1
ordeal,1
tbankpls,1
respondpls,1
actially,1
reinstated,1
citing,1
messagescos,1
ranting,1
thankshappy,1
youkindly,1
unbecoming,1
kimdly,1
doc,1
itbanking,1
indus,1
sentplease,1
occurrence,1
plzthe,1
intime,1
jurassic,1
teaser,1
trailer,1
chris,1
pratt,1
amblin,1
ent,1
extortioncc,1
backdat,1
calk,1
peruse,1
joints,1
caled,1
onlin,1
akant,1
wheel,1
ineed,1
adress,1
stranded,1
concerne,1
katy,1
perrys,1
boring,1
goodafternoon,1
unempathetic,1
shuts,1
creates,1
chaos,1
bits,1
smh,1
echannelsoperationscom,1
supportcom,1
okeilewo,1
moneyissokay,1
themostunprofessionalbankever,1
yescenter,1
dispense,1
oladehinde,1
nkpls,1
civilised,1
dashed,1
beneficiarys,1
ooi,1
gra,1
rud,1
mischievous,1
nonchalant,1
nw,1
bin,1
mrngi,1
iswithdrawal,1
exceededplea,1
server,1
uh,1
bankdraft,1
kosi,1
eaten,1
lmaoo,1
park,1
banana,1
ilaro,1
intervened,1
snn,1
wasteful,1
needless,1
consideri,1
commenced,1
construction,1
judgment,1
ownership,1
lands,1
prior,1
demolishing,1
futility,1
reputational,1
awoyale,1
turkey,1
actuallyi,1
morningpls,1
appealed,1
cajoled,1
ar,1
fore,1
updating,1
whatsoever,1
react,1
terrib,1
toe,1
suprise,1
photographic,1
shots,1
paltry,1
skyemobile,1
covered,1
increment,1
papa,1
kfc,1
chargeback,1
grid,1
thatpls,1
anythingyou,1
alm,1
exposed,1
incompetence,1
amending,1
gather,1
wehdonsir,1
nx,1
ejigbo,1
appears,1
subscriptio,1
bow,1
adedipe,1
adedeji,1
davidmobile,1
rpondez,1
bonjour,1
cher,1
franck,1
avez,1
svp,1
bene,1
toujours,1
rponses,1
dommage,1
establishment,1
authorized,1
picky,1
wash,1
linen,1
okpara,1
unec,1
enugui,1
suis,1
mme,1
retourne,1
boulot,1
jespre,1
demain,1
pourrais,1
lavoir,1
daymy,1
viens,1
cest,1
jamesisaaccom,1
marks,1
predicament,1
callthanks,1
crit,1
depuis,1
mavez,1
dit,1
reviendrez,1
puis,1
rienjai,1
personel,1
ubai,1
resumei,1
ams,1
outbut,1
laziness,1
asapi,1
cnt,1
dmit,1
legitimate,1
uchechukwu,1
onyewuchi,1
informal,1
oloshi,1
ema,1
surgeonpetercomlast,1
prompts,1
amicably,1
serv,1
answering,1
sente,1
rutooro,1
jabolt,1
bodies,1
repping,1
cbda,1
accepts,1
bday,1
tanzaniapls,1
wilding,1
sang,1
iceland,1
american,1
terminated,1
lanc,1
juillet,1
lo,1
recrute,1
ouvrir,1
compte,1
kii,1
moy,1
lolassistant,1
virtuel,1
rpond,1
toutes,1
vos,1
attentes,1
bembem,1
fridayyyy,1
freaky,1
fabulous,1
whatsapps,1
bnin,1
finallynow,1
laos,1
vietnamthanks,1
spelling,1
contestnice,1
tonia,1
etemi,1
sweetheart,1
dearleave,1
caffeine,1
multitude,1
marchands,1
peux,1
agences,1
partenaires,1
aucun,1
waoo,1
whoswho,1
yah,1
icymi,1
chezmoiaucongo,1
jai,1
limpression,1
fait,1
deffor,1
akuk,1
youngleaders,1
harness,1
southern,1
emeke,1
iweriebor,1
infrasture,1
devt,1
infoplccomng,1
ouuuuf,1
recharger,1
cartevisa,1
lagence,1
ubapotopoto,1
pnible,1
quescalader,1
everest,1
wallnut,1
ij,1
soya,1
noneme,1
waterwarri,1
souhaitons,1
peuple,1
beninois,1
ftait,1
independance,1
hierer,1
aot,1
vibe,1
smoov,1
akara,1
pap,1
joorrr,1
mocha,1
latte,1
undispensable,1
zobo,1
lemon,1
juice,1
plix,1
shooting,1
boredom,1
curved,1
chatapp,1
cockiness,1
whoosh,1
princes,1
ronaldo,1
jersey,1
coveredleomybff,1
buildingafrica,1
microfinance,1
referencehow,1
zxsgsfca,1
hede,1
debut,1
acbd,1
iwai,1
lindpendance,1
prestigious,1
birthmonth,1
loli,1
lavish,1
savais,1
faire,1
illustre,1
ekehi,1
egoooooo,1
eachother,1
mbwai,1
okpoko,1
oguguluso,1
bien,1
vrai,1
bon,1
tous,1
kanuri,1
trillion,1
usacanada,1
miye,1
hakanan,1
bobo,1
karuni,1
izon,1
joyeux,1
cheddar,1
franklin,1
faces,1
dead,1
presidents,1
sheets,1
quid,1
tumoil,1
igbigi,1
kalabari,1
asaritoru,1
govt,1
nonrou,1
karo,1
nwoke,1
akwo,1
africash,1
todaybuildingafricaintegratingafrica,1
koba,1
kpogriiiii,1
balarii,1
chedde,1
fulfulde,1
ibigi,1
preventing,1
kwaba,1
adamawaborno,1
oko,1
toiling,1
familiar,1
ewoo,1
enugus,1
paiso,1
shay,1
kpigi,1
largent,1
pronounced,1
ooproudlyijeshatothecall,1
sabukasem,1
ligri,1
ibibioefik,1
empiiha,1
mpiiya,1
lusoga,1
eastern,1
urhobo,1
sika,1
nmonth,1
chede,1
igbiki,1
dzem,1
cede,1
ekeyi,1
mungaka,1
pigo,1
akw,1
fon,1
dialect,1
shikaga,1
languages,1
pounds,1
kaluba,1
ewayi,1
mpesa,1
bobbi,1
chimpanzee,1
iffa,1
highlighted,1
debted,1
christmas,1
awka,1
zik,1
univ,1
suna,1
treethen,1
tallest,1
painting,1
seco,1
kweshon,1
shining,1
pattern,1
shadow,1
curves,1
hills,1
registers,1
wanting,1
appwhen,1
mista,1
tks,1
credits,1
inability,1
moneymake,1
republique,1
flop,1
wayo,1
shad,1
godbless,1
kennedyuzoka,1
valueless,1
bean,1
cakeakaragoes,1
sangotedo,1
adverts,1
tony,1
elumelu,1
scr,1
howfa,1
realised,1
cent,1
youtube,1
algeria,1
lolnot,1
fasso,1
unveiled,1
fance,1
older,1
forming,1
yankee,1
bowl,1
soaked,1
monkey,1
questionoftheday,1
answeroftheday,1
safetoken,1
tanzanian,1
cotonou,1
bukina,1
tes,1
aussi,1
suiveznous,1
ratez,1
rien,1
nos,1
actualits,1
cfa,1
franc,1
aibased,1
assistantdubbed,1
ethiopian,1
pun,1
clien,1
prsentation,1
produits,1
vincentngimbock,1
entretien,1
fructueux,1
digitalisation,1
bancaire,1
linclusion,1
financire,1
scurisation,1
recettes,1
akamu,1
custard,1
photoshop,1
pudding,1
beansthis,1
beansletbeansbebeanslet,1
dodoalso,1
browser,1
chrome,1
tel,1
superhero,1
droneboymission,1
agropreneurs,1
embrace,1
drone,1
agriculture,1
coconut,1
bonis,1
er,1
leos,1
pose,1
anatomically,1
impossible,1
rework,1
chilled,1
benefitting,1
plaintain,1
demographics,1
chapati,1
appetizing,1
catchlet,1
elements,1
sleeping,1
combolol,1
transnational,1
treeat,1
glancce,1
placeits,1
omoh,1
obiageli,1
lesaviezvous,1
pouvez,1
achter,1
crdits,1
dappel,1
sans,1
breadi,1
gipcyef,1
lits,1
chrges,1
euromoneys,1
robust,1
panafrica,1
dumped,1
unique,1
excites,1
rides,1
keying,1
involv,1
petroleum,1
lspmsconference,1
saferlagos,1
dissatisfied,1
negligent,1
rigorous,1
dreamers,1
famoroti,1
yassss,1
ooooh,1
kpa,1
secondthe,1
mz,1
gmd,1
remarks,1
remarkable,1
treelion,1
renewing,1
octogenarian,1
farewell,1
outgoing,1
incoming,1
uf,1
cybercrime,1
worldthats,1
negotiate,1
settings,1
erroneous,1
ost,1
hadnt,1
treeliongorilla,1
jungle,1
literally,1
horse,1
ape,1
shapes,1
lioni,1
firstfish,1
threelike,1
animals,1
faceoff,1
imagery,1
atree,1
nerve,1
wracking,1
pace,1
majority,1
conversational,1
wouldn,1
dubbed,1
hahahahahatrue,1
intelligent,1
veux,1
savoir,1
banques,1
commerciales,1
rdc,1
exigent,1
frais,1
dpt,1
contribuable,1
veut,1
payer,1
makutano,1
prsident,1
conseil,1
dadministration,1
nou,1
artificialintelligence,1
equip,1
samantha,1
flirt,1
leomybffmobilebankingke,1
artificalintelligence,1
integrated,1
zuckerb,1
leothe,1
swahili,1
sheng,1
iko,1
fred,1
ellis,1
nzo,1
asu,1
fired,1
throne,1
devious,1
pencil,1
insulatorsif,1
notting,1
film,1
festival,1
maptuesdaytriviaunionbankyoursimplersmarterbankfastestfinger,1
fatestfinger,1
el,1
rufai,1
haaaa,1
tuesdaytriviaunionbankyoursimplersmarterbankfastestfingers,1
openings,1
aftarall,1
alfabets,1
virtue,1
thin,1
foolthis,1
negli,1
herewhat,1
url,1
uselessssss,1
cursed,1
debtprogram,1
focused,1
discovering,1
raw,1
talent,1
chinua,1
achebe,1
aimed,1
hone,1
tertiary,1
epublishing,1
challeng,1
weekreply,1
qatar,1
savingsi,1
interfaceblue,1
printing,1
wasinmi,1
tentacles,1
loveandheroes,1
palatable,1
rebranding,1
commendible,1
damn,1
competing,1
postbox,1
beaten,1
competency,1
loyalty,1
af,1
knack,1
visual,1
sisteranything,1
examples,1
genuineness,1
dedicated,1
chevron,1
venture,1
scholarships,1
awardees,1
englishtuesdaytrivia,1
rarely,1
usethe,1
locomotive,1
discourse,1
bcus,1
ltuesdaytrivia,1
nestle,1
conversations,1
tueadaytrivialsunionbankyoursimplersmarterbankenglish,1
accounttuesdaytrivia,1
letterstuesdaytriviaunionbankyoursimplersmarterbank,1
alphabet,1
postboxmailbox,1
unionbankyoursimplersmarterbank,1
dozenth,1
dozened,1
writers,1
outyou,1
cheer,1
faakaylive,1
korrect,1
homewe,1
hoodi,1
concert,1
bignbangin,1
deductin,1
umudike,1
mammoth,1
rn,1
hectic,1
segunplease,1
lodging,1
irrelevant,1
dies,1
tyranny,1
teleco,1
affiliate,1
peacenow,1
humane,1
provisions,1
toiletries,1
sangoota,1
fatherhood,1
complaine,1
ubninnovationchallenge,1
anyaegbu,1
bridgetthanks,1
alertintroduction,1
microsoft,1
excel,1
mbeleacademy,1
mbele,1
digitalskill,1
sdg,1
spotted,1
distance,1
banco,1
liechtenstein,1
emitir,1
criptomoneda,1
estable,1
vinculada,1
franco,1
suizo,1
shed,1
shocker,1
sexes,1
grabs,1
elevates,1
eri,1
globalization,1
technologyhe,1
biase,1
newsflash,1
lmu,1
ambassadors,1
pathfinders,1
ber,1
surprising,1
parker,1
spider,1
socialiga,1
fantasy,1
crypto,1
ou,1
detailshow,1
yourselfnavigatewithidy,1
scarcity,1
awaynavigatewithidy,1
earning,1
savingnavigatewithidy,1
tie,1
incomenavigatewithidy,1
cultivate,1
habit,1
financesnavigatewithidy,1
visionnavigatewithidy,1
mobilize,1
fruitio,1
peoplenavigatewithidy,1
treasures,1
beingsnavigatewithidy,1
passion,1
withnavigatewithidy,1
todaynavigatewithidy,1
idynavigatewithidy,1
hoursterrible,1
fou,1
leads,1
digitalonly,1
socialigafantasy,1
frame,1
lmaooo,1
shishi,1
gidigbo,1
gidiyoruba,1
stopdeductingmymoney,1
dissonance,1
healthnavigatewithidy,1
fulfillment,1
title,1
fundamental,1
principles,1
eventnavigatewithidy,1
maxwell,1
guestnavigatewithidy,1
career,1
banklearn,1
responsehere,1
cctvi,1
speechless,1
refferred,1
cctv,1
viewed,1
fpl,1
transactionshope,1
inviting,1
teamthe,1
othergood,1
wooow,1
eskis,1
upandan,1
profound,1
gratitude,1
historical,1
kinds,1
olu,1
ritualspolitical,1
appo,1
tot,1
africas,1
largest,1
conglomerates,1
boo,1
scientist,1
faaaa,1
bmmm,1
pilotlawyerblogggerreporter,1
oke,1
odo,1
blog,1
ajala,1
pedestrian,1
seenthanks,1
oilibofunded,1
userid,1
governor,1
obiano,1
popup,1
logistics,1
bucs,1
mill,1
dha,1
zenithwaytagmedia,1
monica,1
doyouknow,1
lister,1
passwords,1
kanye,1
qwerty,1
hiii,1
edo,1
okwhat,1
dependent,1
muchbut,1
classy,1
yahoo,1
comforting,1
onei,1
wowwwwww,1
happiness,1
thembeulah,1
forfeiture,1
accrual,1
decrease,1
luv,1
selfmademan,1
dmdirect,1
oogood,1
sperm,1
thursdays,1
servings,1
accommodation,1
abortivei,1
cardcalled,1
frnds,1
thiswould,1
accountyou,1
displayed,1
matori,1
martha,1
expertise,1
ui,1
gudmrn,1
incubating,1
posts,1
upstairs,1
oflate,1
dawg,1
railway,1
znith,1
yenagoa,1
sits,1
gracefully,1
thee,1
chibuzo,1
iykeosuji,1
academy,1
ota,1
powerpoint,1
america,1
middayshowwithtoolz,1
broretweet,1
scattervideobymyro,1
noticing,1
joey,1
guyjuly,1
holmes,1
filter,1
alawee,1
implore,1
mplease,1
veteran,1
photography,1
ls,1
morn,1
murder,1
ncrime,1
humbled,1
howww,1
township,1
kechi,1
hesitate,1
truehave,1
brickhouses,1
bulletproof,1
earthquick,1
rstwe,1
euro,1
eazysave,1
etoken,1
livechat,1
wwwzenithbankcom,1
accused,1
destroying,1
scanner,1
stepped,1
workcanada,1
schenghen,1
immigrate,1
canada,1
australia,1
eunice,1
tolofari,1
cooperate,1
events,1
confirmation,1
tangible,1
servicesseems,1
oshogbo,1
rudeservice,1
payingsome,1
proprietorship,1
reattempt,1
certainty,1
ughelli,1
lean,1
caster,1
postgraduate,1
exams,1
typedepositwithdrawalid,1
appeared,1
unpredictable,1
technolo,1
hendrix,1
administrators,1
reveals,1
multibillion,1
financia,1
ting,1
hussain,1
ria,1
rudishia,1
mbs,1
december,1
middledistance,1
runner,1
kenyas,1
championsonniger,1
unnecessarily,1
cod,1
edet,1
effiong,1
umoh,1
achievers,1
jump,1
knowjust,1
vibes,1
mondaymusiclive,1
womens,1
scorching,1
blistering,1
youcs,1
rereading,1
chapters,1
shapen,1
yemi,1
olus,1
toowarri,1
neighbor,1
detailsplease,1
kanranlism,1
realistic,1
investments,1
stra,1
stores,1
obikwelu,1
chargespls,1
murelle,1
ababa,1
didier,1
vyes,1
drogbachsmpionsofthenigerasaba,1
agoura,1
eric,1
pacome,1
moni,1
webpayusername,1
episode,1
insideafrica,1
djs,1
verificati,1
joeperry,1
gist,1
bikoyour,1
ambiguous,1
okagbarieajose,1
championsonthniger,1
chargesahan,1
fight,1
yegothe,1
medalist,1
championships,1
claimin,1
january,1
competes,1
javelin,1
madeio,1
james,1
uv,1
rv,1
usein,1
washing,1
smewould,1
vendorand,1
morninghelp,1
wifeshe,1
employmentshe,1
jj,1
inoffensive,1
oscar,1
pisterios,1
possibility,1
ple,1
mustang,1
checklist,1
getmechanics,1
liverpool,1
chops,1
slander,1
olymic,1
mikel,1
obi,1
olympic,1
niekerkchampionsontheniger,1
wayne,1
whatsappbut,1
suggestion,1
interests,1
forfeited,1
padupafrica,1
teenage,1
sanitary,1
pad,1
locator,1
copies,1
nyanyamaraba,1
enith,1
goodmrning,1
shouts,1
race,1
belgium,1
fulfilled,1
obisesan,1
accessfraudbank,1
ilkf,1
plopped,1
ooooooflfoflplppppplpplllollploflfkl,1
lp,1
kllkprff,1
lffp,1
nokf,1
ploppe,1
fathers,1
okhagbare,1
specialize,1
developing,1
transform,1
ogbanje,1
marinespirit,1
lolguy,1
smoke,1
drama,1
ighteguonorchampionsontheniger,1
championontheniger,1
omitted,1
ogaje,1
okagbareighoteghonor,1
okagbareighoteguonorchampionsontheniger,1
championonthenigerasaba,1
kdff,1
questionfeedback,1
revamp,1
litt,1
imaginary,1
competitor,1
logos,1
interswitchusername,1
kukuma,1
branchssending,1
plsbewareofdisguybeside,1
iwasscammedbyhimtru,1
accname,1
barry,1
oseaccno,1
pertinent,1
absent,1
fugaz,1
mia,1
ictcentric,1
trainingvisit,1
accommodating,1
adjacent,1
melcom,1
seyiramshe,1
diggers,1
dats,1
pipo,1
differe,1
moneycos,1
clic,1
michael,1
enejoac,1
amdr,1
backi,1
searched,1
recommending,1
ifb,1
climbing,1
reallyyou,1
needswell,1
mother,1
athleti,1
fr,1
album,1
eni,1
nkankan,1
regain,1
eighteen,1
alxo,1
unfollow,1
parenting,1
cryptocurrency,1
